2026-05-25T07:52:17.525Z [auto-1779695537525-1fp2kn] [loader-orchestrator] loader-not-available - INFO | {"message":"Loader codex not available, skipping","loader":"codex"}
2026-05-25T07:52:17.525Z [auto-1779695537525-8ke0ga] [loader-orchestrator] loader-not-available - INFO | {"message":"Loader codex not available, skipping","loader":"codex"}
2026-05-25T07:52:17.525Z [auto-1779695537525-57hxk2] [loader-orchestrator] loader-not-available - INFO | {"message":"Loader codex not available, skipping","loader":"codex"}
2026-05-25T07:52:17.525Z [auto-1779695537525-7yb5qs] [loader-orchestrator] loader-not-available - INFO | {"message":"Loader agent-triage not available, skipping","loader":"agent-triage"}
2026-05-25T07:52:17.525Z [auto-1779695537525-mpsv1m] [processor-loader] loaded-processor-rules - SUCCESS | {"message":"Loaded 2 processor rules","ruleCount":2}
2026-05-25T07:52:17.525Z [auto-1779695537525-3h53qy] [loader-orchestrator] loader-success - SUCCESS | {"message":"Loader processor loaded 2 rules","loader":"processor","ruleCount":2}
2026-05-25T07:52:17.525Z [auto-1779695537525-99cxog] [loader-orchestrator] loader-not-available - INFO | {"message":"Loader agent-triage not available, skipping","loader":"agent-triage"}
2026-05-25T07:52:17.525Z [auto-1779695537525-j90zhw] [processor-loader] loaded-processor-rules - SUCCESS | {"message":"Loaded 2 processor rules","ruleCount":2}
2026-05-25T07:52:17.525Z [auto-1779695537525-asg7am] [loader-orchestrator] loader-success - SUCCESS | {"message":"Loader processor loaded 2 rules","loader":"processor","ruleCount":2}
2026-05-25T07:52:17.525Z [auto-1779695537525-wepyaj] [loader-orchestrator] loader-not-available - INFO | {"message":"Loader agent-triage not available, skipping","loader":"agent-triage"}
2026-05-25T07:52:17.525Z [auto-1779695537525-enzmet] [processor-loader] loaded-processor-rules - SUCCESS | {"message":"Loaded 2 processor rules","ruleCount":2}
2026-05-25T07:52:17.525Z [auto-1779695537525-bw6z9r] [loader-orchestrator] loader-success - SUCCESS | {"message":"Loader processor loaded 2 rules","loader":"processor","ruleCount":2}
2026-05-25T07:52:17.525Z [auto-1779695537525-1rbnkf] [loader-orchestrator] loader-not-available - INFO | {"message":"Loader agents-md-validation not available, skipping","loader":"agents-md-validation"}
2026-05-25T07:52:17.525Z [auto-1779695537525-qmd1vp] [loader-orchestrator] load-complete - SUCCESS | {"message":"Loaded 2 rules from 1 loaders (0 failed)","totalRules":2,"successfulLoaders":1,"failedLoaders":0}
2026-05-25T07:52:17.526Z [auto-1779695537526-njn83u] [rule-enforcer] async-rules-loaded - SUCCESS | {"message":"Loaded 2 async rules (0 duplicates skipped) from 1 loaders","ruleCount":2,"skippedCount":0,"successfulLoaders":1,"failedLoaders":0}
2026-05-25T07:52:17.526Z [auto-1779695537526-y33drz] [loader-orchestrator] loader-not-available - INFO | {"message":"Loader agents-md-validation not available, skipping","loader":"agents-md-validation"}
2026-05-25T07:52:17.526Z [auto-1779695537526-tfmqdy] [loader-orchestrator] load-complete - SUCCESS | {"message":"Loaded 2 rules from 1 loaders (0 failed)","totalRules":2,"successfulLoaders":1,"failedLoaders":0}
2026-05-25T07:52:17.526Z [auto-1779695537526-dj43dc] [rule-enforcer] async-rules-loaded - SUCCESS | {"message":"Loaded 2 async rules (0 duplicates skipped) from 1 loaders","ruleCount":2,"skippedCount":0,"successfulLoaders":1,"failedLoaders":0}
2026-05-25T07:52:17.526Z [auto-1779695537526-35fqt2] [loader-orchestrator] loader-not-available - INFO | {"message":"Loader agents-md-validation not available, skipping","loader":"agents-md-validation"}
2026-05-25T07:52:17.526Z [auto-1779695537526-v2uaz2] [loader-orchestrator] load-complete - SUCCESS | {"message":"Loaded 2 rules from 1 loaders (0 failed)","totalRules":2,"successfulLoaders":1,"failedLoaders":0}
2026-05-25T07:52:17.526Z [auto-1779695537526-vh6j7r] [rule-enforcer] async-rule-skipped-duplicate - INFO | {"message":"Skipping duplicate rule: processor-validation"}
2026-05-25T07:52:17.526Z [auto-1779695537526-46uqfx] [rule-enforcer] async-rule-skipped-duplicate - INFO | {"message":"Skipping duplicate rule: processor-health"}
2026-05-25T07:52:17.526Z [auto-1779695537526-6jnfvn] [rule-enforcer] async-rules-loaded - SUCCESS | {"message":"Loaded 0 async rules (2 duplicates skipped) from 1 loaders","ruleCount":0,"skippedCount":2,"successfulLoaders":1,"failedLoaders":0}
2026-05-25T07:52:17.526Z [auto-1779695537526-halap3] [rule-executor] execute-start - INFO | {"operation":"read","ruleCount":21,"rules":["context-analysis-integration","memory-optimization","dependency-management","input-validation","error-resolution","loop-safety","single-responsibility","test-coverage","security-by-design","continuous-integration","deployment-safety","test-failure-reporting","performance-regression-reporting","security-vulnerability-reporting","multi-agent-ensemble","substrate-externalization","framework-self-validation","emergent-improvement","module-system-consistency","processor-validation","processor-health"]}
2026-05-25T07:52:17.530Z [auto-1779695537530-7rlee8] [rule-executor] execute-complete - SUCCESS | {"operation":"read","passed":true,"errorCount":0,"warningCount":3}
2026-05-25T07:52:18.123Z [auto-1779695538123-gp5l79] [loader-orchestrator] loader-not-available - INFO | {"message":"Loader codex not available, skipping","loader":"codex"}
2026-05-25T07:52:18.123Z [auto-1779695538123-ga9z2c] [loader-orchestrator] loader-not-available - INFO | {"message":"Loader codex not available, skipping","loader":"codex"}
2026-05-25T07:52:18.128Z [auto-1779695538128-dbf0j1] [loader-orchestrator] loader-not-available - INFO | {"message":"Loader agent-triage not available, skipping","loader":"agent-triage"}
2026-05-25T07:52:18.128Z [auto-1779695538128-hhhkfa] [processor-loader] loaded-processor-rules - SUCCESS | {"message":"Loaded 2 processor rules","ruleCount":2}
2026-05-25T07:52:18.128Z [auto-1779695538128-dqs79c] [loader-orchestrator] loader-success - SUCCESS | {"message":"Loader processor loaded 2 rules","loader":"processor","ruleCount":2}
2026-05-25T07:52:18.128Z [auto-1779695538128-7x3asa] [loader-orchestrator] loader-not-available - INFO | {"message":"Loader agent-triage not available, skipping","loader":"agent-triage"}
2026-05-25T07:52:18.128Z [auto-1779695538128-6e9sw9] [processor-loader] loaded-processor-rules - SUCCESS | {"message":"Loaded 2 processor rules","ruleCount":2}
2026-05-25T07:52:18.128Z [auto-1779695538128-ja3li0] [loader-orchestrator] loader-success - SUCCESS | {"message":"Loader processor loaded 2 rules","loader":"processor","ruleCount":2}
2026-05-25T07:52:18.129Z [auto-1779695538129-v40kia] [loader-orchestrator] loader-not-available - INFO | {"message":"Loader agents-md-validation not available, skipping","loader":"agents-md-validation"}
2026-05-25T07:52:18.129Z [auto-1779695538129-qrx3vl] [loader-orchestrator] load-complete - SUCCESS | {"message":"Loaded 2 rules from 1 loaders (0 failed)","totalRules":2,"successfulLoaders":1,"failedLoaders":0}
2026-05-25T07:52:18.129Z [auto-1779695538129-m8nmyw] [rule-enforcer] async-rules-loaded - SUCCESS | {"message":"Loaded 2 async rules (0 duplicates skipped) from 1 loaders","ruleCount":2,"skippedCount":0,"successfulLoaders":1,"failedLoaders":0}
2026-05-25T07:52:18.129Z [auto-1779695538129-enett8] [rule-executor] execute-start - INFO | {"operation":"read","ruleCount":21,"rules":["context-analysis-integration","memory-optimization","dependency-management","input-validation","error-resolution","loop-safety","single-responsibility","test-coverage","security-by-design","continuous-integration","deployment-safety","test-failure-reporting","performance-regression-reporting","security-vulnerability-reporting","multi-agent-ensemble","substrate-externalization","framework-self-validation","emergent-improvement","module-system-consistency","processor-validation","processor-health"]}
2026-05-25T07:52:18.129Z [auto-1779695538129-fbbaqa] [rule-executor] execute-complete - SUCCESS | {"operation":"read","passed":true,"errorCount":0,"warningCount":3}
2026-05-25T07:52:18.130Z [auto-1779695538130-s9zui2] [loader-orchestrator] loader-not-available - INFO | {"message":"Loader agents-md-validation not available, skipping","loader":"agents-md-validation"}
2026-05-25T07:52:18.130Z [auto-1779695538130-me84nh] [loader-orchestrator] load-complete - SUCCESS | {"message":"Loaded 2 rules from 1 loaders (0 failed)","totalRules":2,"successfulLoaders":1,"failedLoaders":0}
2026-05-25T07:52:18.130Z [auto-1779695538130-8ee705] [rule-enforcer] async-rule-skipped-duplicate - INFO | {"message":"Skipping duplicate rule: processor-validation"}
2026-05-25T07:52:18.130Z [auto-1779695538130-r343s6] [rule-enforcer] async-rule-skipped-duplicate - INFO | {"message":"Skipping duplicate rule: processor-health"}
2026-05-25T07:52:18.130Z [auto-1779695538130-g5mvt7] [rule-enforcer] async-rules-loaded - SUCCESS | {"message":"Loaded 0 async rules (2 duplicates skipped) from 1 loaders","ruleCount":0,"skippedCount":2,"successfulLoaders":1,"failedLoaders":0}
2026-05-25T07:52:18.150Z [auto-1779695538150-x4o40q] [loader-orchestrator] loader-not-available - INFO | {"message":"Loader codex not available, skipping","loader":"codex"}
2026-05-25T07:52:18.150Z [auto-1779695538150-vk1trc] [loader-orchestrator] loader-not-available - INFO | {"message":"Loader codex not available, skipping","loader":"codex"}
2026-05-25T07:52:18.163Z [auto-1779695538163-dviefd] [loader-orchestrator] loader-not-available - INFO | {"message":"Loader agent-triage not available, skipping","loader":"agent-triage"}
2026-05-25T07:52:18.164Z [auto-1779695538164-g2efoa] [processor-loader] loaded-processor-rules - SUCCESS | {"message":"Loaded 2 processor rules","ruleCount":2}
2026-05-25T07:52:18.164Z [auto-1779695538164-g3oefj] [loader-orchestrator] loader-success - SUCCESS | {"message":"Loader processor loaded 2 rules","loader":"processor","ruleCount":2}
2026-05-25T07:52:18.164Z [auto-1779695538164-1i7fsa] [loader-orchestrator] loader-not-available - INFO | {"message":"Loader agent-triage not available, skipping","loader":"agent-triage"}
2026-05-25T07:52:18.164Z [auto-1779695538164-3fbvg6] [processor-loader] loaded-processor-rules - SUCCESS | {"message":"Loaded 2 processor rules","ruleCount":2}
2026-05-25T07:52:18.164Z [auto-1779695538164-sgpo30] [loader-orchestrator] loader-success - SUCCESS | {"message":"Loader processor loaded 2 rules","loader":"processor","ruleCount":2}
2026-05-25T07:52:18.164Z [auto-1779695538164-kdo3ge] [loader-orchestrator] loader-not-available - INFO | {"message":"Loader agents-md-validation not available, skipping","loader":"agents-md-validation"}
2026-05-25T07:52:18.164Z [auto-1779695538164-vgi94g] [loader-orchestrator] load-complete - SUCCESS | {"message":"Loaded 2 rules from 1 loaders (0 failed)","totalRules":2,"successfulLoaders":1,"failedLoaders":0}
2026-05-25T07:52:18.164Z [auto-1779695538164-wip249] [rule-enforcer] async-rules-loaded - SUCCESS | {"message":"Loaded 2 async rules (0 duplicates skipped) from 1 loaders","ruleCount":2,"skippedCount":0,"successfulLoaders":1,"failedLoaders":0}
2026-05-25T07:52:18.164Z [auto-1779695538164-k5sq62] [loader-orchestrator] loader-not-available - INFO | {"message":"Loader agents-md-validation not available, skipping","loader":"agents-md-validation"}
2026-05-25T07:52:18.164Z [auto-1779695538164-9tlfs9] [loader-orchestrator] load-complete - SUCCESS | {"message":"Loaded 2 rules from 1 loaders (0 failed)","totalRules":2,"successfulLoaders":1,"failedLoaders":0}
2026-05-25T07:52:18.164Z [auto-1779695538164-y6lo3p] [rule-enforcer] async-rule-skipped-duplicate - INFO | {"message":"Skipping duplicate rule: processor-validation"}
2026-05-25T07:52:18.164Z [auto-1779695538164-21ln9r] [rule-enforcer] async-rule-skipped-duplicate - INFO | {"message":"Skipping duplicate rule: processor-health"}
2026-05-25T07:52:18.164Z [auto-1779695538164-mqa5rz] [rule-enforcer] async-rules-loaded - SUCCESS | {"message":"Loaded 0 async rules (2 duplicates skipped) from 1 loaders","ruleCount":0,"skippedCount":2,"successfulLoaders":1,"failedLoaders":0}
2026-05-25T07:52:18.164Z [auto-1779695538164-dykmfg] [rule-executor] execute-start - INFO | {"operation":"read","ruleCount":21,"rules":["context-analysis-integration","memory-optimization","dependency-management","input-validation","error-resolution","loop-safety","single-responsibility","test-coverage","security-by-design","continuous-integration","deployment-safety","test-failure-reporting","performance-regression-reporting","security-vulnerability-reporting","multi-agent-ensemble","substrate-externalization","framework-self-validation","emergent-improvement","module-system-consistency","processor-validation","processor-health"]}
2026-05-25T07:52:18.164Z [auto-1779695538164-50u2wa] [rule-executor] execute-complete - SUCCESS | {"operation":"read","passed":true,"errorCount":0,"warningCount":3}
2026-05-25T07:52:18.532Z [auto-1779695538532-5p32zx] [loader-orchestrator] loader-not-available - INFO | {"message":"Loader codex not available, skipping","loader":"codex"}
2026-05-25T07:52:18.532Z [auto-1779695538532-ysk5k2] [loader-orchestrator] loader-not-available - INFO | {"message":"Loader codex not available, skipping","loader":"codex"}
2026-05-25T07:52:18.532Z [auto-1779695538532-wxpr37] [loader-orchestrator] loader-not-available - INFO | {"message":"Loader agent-triage not available, skipping","loader":"agent-triage"}
2026-05-25T07:52:18.532Z [auto-1779695538532-87vy5v] [processor-loader] loaded-processor-rules - SUCCESS | {"message":"Loaded 2 processor rules","ruleCount":2}
2026-05-25T07:52:18.532Z [auto-1779695538532-0yk0hs] [loader-orchestrator] loader-success - SUCCESS | {"message":"Loader processor loaded 2 rules","loader":"processor","ruleCount":2}
2026-05-25T07:52:18.532Z [auto-1779695538532-ks8wg5] [loader-orchestrator] loader-not-available - INFO | {"message":"Loader agent-triage not available, skipping","loader":"agent-triage"}
2026-05-25T07:52:18.532Z [auto-1779695538532-penu0i] [processor-loader] loaded-processor-rules - SUCCESS | {"message":"Loaded 2 processor rules","ruleCount":2}
2026-05-25T07:52:18.533Z [auto-1779695538533-pdmf1j] [loader-orchestrator] loader-success - SUCCESS | {"message":"Loader processor loaded 2 rules","loader":"processor","ruleCount":2}
2026-05-25T07:52:18.533Z [auto-1779695538533-3xrwqh] [loader-orchestrator] loader-not-available - INFO | {"message":"Loader agents-md-validation not available, skipping","loader":"agents-md-validation"}
2026-05-25T07:52:18.533Z [auto-1779695538533-a43d72] [loader-orchestrator] load-complete - SUCCESS | {"message":"Loaded 2 rules from 1 loaders (0 failed)","totalRules":2,"successfulLoaders":1,"failedLoaders":0}
2026-05-25T07:52:18.533Z [auto-1779695538533-onc864] [rule-enforcer] async-rules-loaded - SUCCESS | {"message":"Loaded 2 async rules (0 duplicates skipped) from 1 loaders","ruleCount":2,"skippedCount":0,"successfulLoaders":1,"failedLoaders":0}
2026-05-25T07:52:18.533Z [auto-1779695538533-cghemv] [rule-executor] execute-start - INFO | {"operation":"read","ruleCount":21,"rules":["context-analysis-integration","memory-optimization","dependency-management","input-validation","error-resolution","loop-safety","single-responsibility","test-coverage","security-by-design","continuous-integration","deployment-safety","test-failure-reporting","performance-regression-reporting","security-vulnerability-reporting","multi-agent-ensemble","substrate-externalization","framework-self-validation","emergent-improvement","module-system-consistency","processor-validation","processor-health"]}
2026-05-25T07:52:18.533Z [auto-1779695538533-9ils9u] [rule-executor] execute-complete - SUCCESS | {"operation":"read","passed":true,"errorCount":0,"warningCount":3}
2026-05-25T07:52:18.534Z [auto-1779695538534-racu9j] [loader-orchestrator] loader-not-available - INFO | {"message":"Loader agents-md-validation not available, skipping","loader":"agents-md-validation"}
2026-05-25T07:52:18.534Z [auto-1779695538534-8odxqu] [loader-orchestrator] load-complete - SUCCESS | {"message":"Loaded 2 rules from 1 loaders (0 failed)","totalRules":2,"successfulLoaders":1,"failedLoaders":0}
2026-05-25T07:52:18.534Z [auto-1779695538534-d56odm] [rule-enforcer] async-rule-skipped-duplicate - INFO | {"message":"Skipping duplicate rule: processor-validation"}
2026-05-25T07:52:18.534Z [auto-1779695538534-rzfzi4] [rule-enforcer] async-rule-skipped-duplicate - INFO | {"message":"Skipping duplicate rule: processor-health"}
2026-05-25T07:52:18.534Z [auto-1779695538534-7iiyak] [rule-enforcer] async-rules-loaded - SUCCESS | {"message":"Loaded 0 async rules (2 duplicates skipped) from 1 loaders","ruleCount":0,"skippedCount":2,"successfulLoaders":1,"failedLoaders":0}
2026-05-25T07:52:23.375Z [auto-1779695543375-ecwnqr] [loader-orchestrator] loader-not-available - INFO | {"message":"Loader codex not available, skipping","loader":"codex"}
2026-05-25T07:52:23.375Z [auto-1779695543375-184odq] [loader-orchestrator] loader-not-available - INFO | {"message":"Loader codex not available, skipping","loader":"codex"}
2026-05-25T07:52:23.375Z [auto-1779695543375-pwk6q6] [loader-orchestrator] loader-not-available - INFO | {"message":"Loader agent-triage not available, skipping","loader":"agent-triage"}
2026-05-25T07:52:23.375Z [auto-1779695543375-8ahwf4] [processor-loader] loaded-processor-rules - SUCCESS | {"message":"Loaded 2 processor rules","ruleCount":2}
2026-05-25T07:52:23.375Z [auto-1779695543375-k3v8v7] [loader-orchestrator] loader-success - SUCCESS | {"message":"Loader processor loaded 2 rules","loader":"processor","ruleCount":2}
2026-05-25T07:52:23.375Z [auto-1779695543375-u8r3we] [loader-orchestrator] loader-not-available - INFO | {"message":"Loader agent-triage not available, skipping","loader":"agent-triage"}
2026-05-25T07:52:23.375Z [auto-1779695543375-36f5y6] [processor-loader] loaded-processor-rules - SUCCESS | {"message":"Loaded 2 processor rules","ruleCount":2}
2026-05-25T07:52:23.375Z [auto-1779695543375-7hj8yx] [loader-orchestrator] loader-success - SUCCESS | {"message":"Loader processor loaded 2 rules","loader":"processor","ruleCount":2}
2026-05-25T07:52:23.375Z [auto-1779695543375-og5vfs] [loader-orchestrator] loader-not-available - INFO | {"message":"Loader agents-md-validation not available, skipping","loader":"agents-md-validation"}
2026-05-25T07:52:23.375Z [auto-1779695543375-ir8aly] [loader-orchestrator] load-complete - SUCCESS | {"message":"Loaded 2 rules from 1 loaders (0 failed)","totalRules":2,"successfulLoaders":1,"failedLoaders":0}
2026-05-25T07:52:23.388Z [auto-1779695543388-fkhg8z] [rule-enforcer] async-rules-loaded - SUCCESS | {"message":"Loaded 2 async rules (0 duplicates skipped) from 1 loaders","ruleCount":2,"skippedCount":0,"successfulLoaders":1,"failedLoaders":0}
2026-05-25T07:52:23.389Z [auto-1779695543389-0ikxml] [loader-orchestrator] loader-not-available - INFO | {"message":"Loader agents-md-validation not available, skipping","loader":"agents-md-validation"}
2026-05-25T07:52:23.389Z [auto-1779695543389-p0w75g] [loader-orchestrator] load-complete - SUCCESS | {"message":"Loaded 2 rules from 1 loaders (0 failed)","totalRules":2,"successfulLoaders":1,"failedLoaders":0}
2026-05-25T07:52:23.389Z [auto-1779695543389-z3vqwv] [rule-enforcer] async-rule-skipped-duplicate - INFO | {"message":"Skipping duplicate rule: processor-validation"}
2026-05-25T07:52:23.389Z [auto-1779695543389-u8r8zg] [rule-enforcer] async-rule-skipped-duplicate - INFO | {"message":"Skipping duplicate rule: processor-health"}
2026-05-25T07:52:23.389Z [auto-1779695543389-ko5kpx] [rule-enforcer] async-rules-loaded - SUCCESS | {"message":"Loaded 0 async rules (2 duplicates skipped) from 1 loaders","ruleCount":0,"skippedCount":2,"successfulLoaders":1,"failedLoaders":0}
2026-05-25T07:52:23.389Z [auto-1779695543389-94nz6j] [rule-executor] execute-start - INFO | {"operation":"read","ruleCount":21,"rules":["context-analysis-integration","memory-optimization","dependency-management","input-validation","error-resolution","loop-safety","single-responsibility","test-coverage","security-by-design","continuous-integration","deployment-safety","test-failure-reporting","performance-regression-reporting","security-vulnerability-reporting","multi-agent-ensemble","substrate-externalization","framework-self-validation","emergent-improvement","module-system-consistency","processor-validation","processor-health"]}
2026-05-25T07:52:23.389Z [auto-1779695543389-c9zh6x] [rule-executor] execute-complete - SUCCESS | {"operation":"read","passed":true,"errorCount":0,"warningCount":3}
2026-05-25T07:52:23.841Z [auto-1779695543841-3cnv4d] [loader-orchestrator] loader-not-available - INFO | {"message":"Loader codex not available, skipping","loader":"codex"}
2026-05-25T07:52:23.841Z [auto-1779695543841-tcj2vd] [loader-orchestrator] loader-not-available - INFO | {"message":"Loader codex not available, skipping","loader":"codex"}
2026-05-25T07:52:23.841Z [auto-1779695543841-i1ee34] [loader-orchestrator] loader-not-available - INFO | {"message":"Loader agent-triage not available, skipping","loader":"agent-triage"}
2026-05-25T07:52:23.841Z [auto-1779695543841-4tqnsu] [processor-loader] loaded-processor-rules - SUCCESS | {"message":"Loaded 2 processor rules","ruleCount":2}
2026-05-25T07:52:23.841Z [auto-1779695543841-f517bk] [loader-orchestrator] loader-success - SUCCESS | {"message":"Loader processor loaded 2 rules","loader":"processor","ruleCount":2}
2026-05-25T07:52:23.842Z [auto-1779695543842-hjjye6] [loader-orchestrator] loader-not-available - INFO | {"message":"Loader agent-triage not available, skipping","loader":"agent-triage"}
2026-05-25T07:52:23.842Z [auto-1779695543842-x26p2c] [processor-loader] loaded-processor-rules - SUCCESS | {"message":"Loaded 2 processor rules","ruleCount":2}
2026-05-25T07:52:23.842Z [auto-1779695543842-bp61wz] [loader-orchestrator] loader-success - SUCCESS | {"message":"Loader processor loaded 2 rules","loader":"processor","ruleCount":2}
2026-05-25T07:52:23.842Z [auto-1779695543842-0m7n9m] [loader-orchestrator] loader-not-available - INFO | {"message":"Loader agents-md-validation not available, skipping","loader":"agents-md-validation"}
2026-05-25T07:52:23.842Z [auto-1779695543842-aglj1m] [loader-orchestrator] load-complete - SUCCESS | {"message":"Loaded 2 rules from 1 loaders (0 failed)","totalRules":2,"successfulLoaders":1,"failedLoaders":0}
2026-05-25T07:52:23.842Z [auto-1779695543842-ae8b6p] [rule-enforcer] async-rules-loaded - SUCCESS | {"message":"Loaded 2 async rules (0 duplicates skipped) from 1 loaders","ruleCount":2,"skippedCount":0,"successfulLoaders":1,"failedLoaders":0}
2026-05-25T07:52:23.842Z [auto-1779695543842-tvntil] [rule-executor] execute-start - INFO | {"operation":"read","ruleCount":21,"rules":["context-analysis-integration","memory-optimization","dependency-management","input-validation","error-resolution","loop-safety","single-responsibility","test-coverage","security-by-design","continuous-integration","deployment-safety","test-failure-reporting","performance-regression-reporting","security-vulnerability-reporting","multi-agent-ensemble","substrate-externalization","framework-self-validation","emergent-improvement","module-system-consistency","processor-validation","processor-health"]}
2026-05-25T07:52:23.842Z [auto-1779695543842-cxydtk] [rule-executor] execute-complete - SUCCESS | {"operation":"read","passed":true,"errorCount":0,"warningCount":3}
2026-05-25T07:52:23.843Z [auto-1779695543843-l3ugjo] [loader-orchestrator] loader-not-available - INFO | {"message":"Loader agents-md-validation not available, skipping","loader":"agents-md-validation"}
2026-05-25T07:52:23.843Z [auto-1779695543843-1zgxx4] [loader-orchestrator] load-complete - SUCCESS | {"message":"Loaded 2 rules from 1 loaders (0 failed)","totalRules":2,"successfulLoaders":1,"failedLoaders":0}
2026-05-25T07:52:23.843Z [auto-1779695543843-9i2xgj] [rule-enforcer] async-rule-skipped-duplicate - INFO | {"message":"Skipping duplicate rule: processor-validation"}
2026-05-25T07:52:23.843Z [auto-1779695543843-gz1pqg] [rule-enforcer] async-rule-skipped-duplicate - INFO | {"message":"Skipping duplicate rule: processor-health"}
2026-05-25T07:52:23.843Z [auto-1779695543843-vq0zs1] [rule-enforcer] async-rules-loaded - SUCCESS | {"message":"Loaded 0 async rules (2 duplicates skipped) from 1 loaders","ruleCount":0,"skippedCount":2,"successfulLoaders":1,"failedLoaders":0}
2026-05-25T07:52:28.778Z [auto-1779695548778-x44szi] [loader-orchestrator] loader-not-available - INFO | {"message":"Loader codex not available, skipping","loader":"codex"}
2026-05-25T07:52:28.778Z [auto-1779695548778-19ha88] [loader-orchestrator] loader-not-available - INFO | {"message":"Loader codex not available, skipping","loader":"codex"}
2026-05-25T07:52:28.778Z [auto-1779695548778-083zdq] [loader-orchestrator] loader-not-available - INFO | {"message":"Loader agent-triage not available, skipping","loader":"agent-triage"}
2026-05-25T07:52:28.778Z [auto-1779695548778-845w2e] [processor-loader] loaded-processor-rules - SUCCESS | {"message":"Loaded 2 processor rules","ruleCount":2}
2026-05-25T07:52:28.778Z [auto-1779695548778-5a9pat] [loader-orchestrator] loader-success - SUCCESS | {"message":"Loader processor loaded 2 rules","loader":"processor","ruleCount":2}
2026-05-25T07:52:28.778Z [auto-1779695548778-vryi0b] [loader-orchestrator] loader-not-available - INFO | {"message":"Loader agent-triage not available, skipping","loader":"agent-triage"}
2026-05-25T07:52:28.778Z [auto-1779695548778-llw7d1] [processor-loader] loaded-processor-rules - SUCCESS | {"message":"Loaded 2 processor rules","ruleCount":2}
2026-05-25T07:52:28.778Z [auto-1779695548778-ikwniu] [loader-orchestrator] loader-success - SUCCESS | {"message":"Loader processor loaded 2 rules","loader":"processor","ruleCount":2}
2026-05-25T07:52:28.778Z [auto-1779695548778-fnpiu7] [loader-orchestrator] loader-not-available - INFO | {"message":"Loader agents-md-validation not available, skipping","loader":"agents-md-validation"}
2026-05-25T07:52:28.778Z [auto-1779695548778-8lythz] [loader-orchestrator] load-complete - SUCCESS | {"message":"Loaded 2 rules from 1 loaders (0 failed)","totalRules":2,"successfulLoaders":1,"failedLoaders":0}
2026-05-25T07:52:28.778Z [auto-1779695548778-24wxze] [rule-enforcer] async-rules-loaded - SUCCESS | {"message":"Loaded 2 async rules (0 duplicates skipped) from 1 loaders","ruleCount":2,"skippedCount":0,"successfulLoaders":1,"failedLoaders":0}
2026-05-25T07:52:28.778Z [auto-1779695548778-vv27ff] [loader-orchestrator] loader-not-available - INFO | {"message":"Loader agents-md-validation not available, skipping","loader":"agents-md-validation"}
2026-05-25T07:52:28.778Z [auto-1779695548778-k9etbr] [loader-orchestrator] load-complete - SUCCESS | {"message":"Loaded 2 rules from 1 loaders (0 failed)","totalRules":2,"successfulLoaders":1,"failedLoaders":0}
2026-05-25T07:52:28.778Z [auto-1779695548778-05xwle] [rule-enforcer] async-rule-skipped-duplicate - INFO | {"message":"Skipping duplicate rule: processor-validation"}
2026-05-25T07:52:28.778Z [auto-1779695548778-tidjjr] [rule-enforcer] async-rule-skipped-duplicate - INFO | {"message":"Skipping duplicate rule: processor-health"}
2026-05-25T07:52:28.778Z [auto-1779695548778-he1ev9] [rule-enforcer] async-rules-loaded - SUCCESS | {"message":"Loaded 0 async rules (2 duplicates skipped) from 1 loaders","ruleCount":0,"skippedCount":2,"successfulLoaders":1,"failedLoaders":0}
2026-05-25T07:52:28.778Z [auto-1779695548778-fy5jfx] [rule-executor] execute-start - INFO | {"operation":"read","ruleCount":21,"rules":["context-analysis-integration","memory-optimization","dependency-management","input-validation","error-resolution","loop-safety","single-responsibility","test-coverage","security-by-design","continuous-integration","deployment-safety","test-failure-reporting","performance-regression-reporting","security-vulnerability-reporting","multi-agent-ensemble","substrate-externalization","framework-self-validation","emergent-improvement","module-system-consistency","processor-validation","processor-health"]}
2026-05-25T07:52:28.779Z [auto-1779695548779-8newmq] [rule-executor] execute-complete - SUCCESS | {"operation":"read","passed":true,"errorCount":0,"warningCount":3}
2026-05-25T07:52:29.229Z [auto-1779695549229-fp0q97] [loader-orchestrator] loader-not-available - INFO | {"message":"Loader codex not available, skipping","loader":"codex"}
2026-05-25T07:52:29.229Z [auto-1779695549229-24xmy5] [loader-orchestrator] loader-not-available - INFO | {"message":"Loader codex not available, skipping","loader":"codex"}
2026-05-25T07:52:29.229Z [auto-1779695549229-v8yapt] [loader-orchestrator] loader-not-available - INFO | {"message":"Loader agent-triage not available, skipping","loader":"agent-triage"}
2026-05-25T07:52:29.229Z [auto-1779695549229-3r2wnj] [processor-loader] loaded-processor-rules - SUCCESS | {"message":"Loaded 2 processor rules","ruleCount":2}
2026-05-25T07:52:29.230Z [auto-1779695549230-thjjfu] [loader-orchestrator] loader-success - SUCCESS | {"message":"Loader processor loaded 2 rules","loader":"processor","ruleCount":2}
2026-05-25T07:52:29.230Z [auto-1779695549230-ot8268] [loader-orchestrator] loader-not-available - INFO | {"message":"Loader agent-triage not available, skipping","loader":"agent-triage"}
2026-05-25T07:52:29.230Z [auto-1779695549230-ltxdjr] [processor-loader] loaded-processor-rules - SUCCESS | {"message":"Loaded 2 processor rules","ruleCount":2}
2026-05-25T07:52:29.230Z [auto-1779695549230-caxvar] [loader-orchestrator] loader-success - SUCCESS | {"message":"Loader processor loaded 2 rules","loader":"processor","ruleCount":2}
2026-05-25T07:52:29.230Z [auto-1779695549230-sazcoj] [loader-orchestrator] loader-not-available - INFO | {"message":"Loader agents-md-validation not available, skipping","loader":"agents-md-validation"}
2026-05-25T07:52:29.230Z [auto-1779695549230-5ku8ah] [loader-orchestrator] load-complete - SUCCESS | {"message":"Loaded 2 rules from 1 loaders (0 failed)","totalRules":2,"successfulLoaders":1,"failedLoaders":0}
2026-05-25T07:52:29.230Z [auto-1779695549230-6v4043] [rule-enforcer] async-rules-loaded - SUCCESS | {"message":"Loaded 2 async rules (0 duplicates skipped) from 1 loaders","ruleCount":2,"skippedCount":0,"successfulLoaders":1,"failedLoaders":0}
2026-05-25T07:52:29.241Z [auto-1779695549241-b9r0hx] [loader-orchestrator] loader-not-available - INFO | {"message":"Loader agents-md-validation not available, skipping","loader":"agents-md-validation"}
2026-05-25T07:52:29.241Z [auto-1779695549241-mag9ok] [loader-orchestrator] load-complete - SUCCESS | {"message":"Loaded 2 rules from 1 loaders (0 failed)","totalRules":2,"successfulLoaders":1,"failedLoaders":0}
2026-05-25T07:52:29.241Z [auto-1779695549241-b81oid] [rule-enforcer] async-rule-skipped-duplicate - INFO | {"message":"Skipping duplicate rule: processor-validation"}
2026-05-25T07:52:29.241Z [auto-1779695549241-yslpub] [rule-enforcer] async-rule-skipped-duplicate - INFO | {"message":"Skipping duplicate rule: processor-health"}
2026-05-25T07:52:29.241Z [auto-1779695549241-6kz4wi] [rule-enforcer] async-rules-loaded - SUCCESS | {"message":"Loaded 0 async rules (2 duplicates skipped) from 1 loaders","ruleCount":0,"skippedCount":2,"successfulLoaders":1,"failedLoaders":0}
2026-05-25T07:52:29.241Z [auto-1779695549241-ubw553] [rule-executor] execute-start - INFO | {"operation":"read","ruleCount":21,"rules":["context-analysis-integration","memory-optimization","dependency-management","input-validation","error-resolution","loop-safety","single-responsibility","test-coverage","security-by-design","continuous-integration","deployment-safety","test-failure-reporting","performance-regression-reporting","security-vulnerability-reporting","multi-agent-ensemble","substrate-externalization","framework-self-validation","emergent-improvement","module-system-consistency","processor-validation","processor-health"]}
2026-05-25T07:52:29.242Z [auto-1779695549242-6m5dx3] [rule-executor] execute-complete - SUCCESS | {"operation":"read","passed":true,"errorCount":0,"warningCount":3}
2026-05-25T07:52:33.340Z [auto-1779695553340-p72911] [loader-orchestrator] loader-not-available - INFO | {"message":"Loader codex not available, skipping","loader":"codex"}
2026-05-25T07:52:33.340Z [auto-1779695553340-pmu3ws] [loader-orchestrator] loader-not-available - INFO | {"message":"Loader codex not available, skipping","loader":"codex"}
2026-05-25T07:52:33.341Z [auto-1779695553341-rd85f6] [loader-orchestrator] loader-not-available - INFO | {"message":"Loader agent-triage not available, skipping","loader":"agent-triage"}
2026-05-25T07:52:33.341Z [auto-1779695553341-nypo1e] [processor-loader] loaded-processor-rules - SUCCESS | {"message":"Loaded 2 processor rules","ruleCount":2}
2026-05-25T07:52:33.341Z [auto-1779695553341-cg6hzl] [loader-orchestrator] loader-success - SUCCESS | {"message":"Loader processor loaded 2 rules","loader":"processor","ruleCount":2}
2026-05-25T07:52:33.341Z [auto-1779695553341-koeilr] [loader-orchestrator] loader-not-available - INFO | {"message":"Loader agent-triage not available, skipping","loader":"agent-triage"}
2026-05-25T07:52:33.341Z [auto-1779695553341-i2kzaz] [processor-loader] loaded-processor-rules - SUCCESS | {"message":"Loaded 2 processor rules","ruleCount":2}
2026-05-25T07:52:33.341Z [auto-1779695553341-hrxo3z] [loader-orchestrator] loader-success - SUCCESS | {"message":"Loader processor loaded 2 rules","loader":"processor","ruleCount":2}
2026-05-25T07:52:33.341Z [auto-1779695553341-cumvfp] [loader-orchestrator] loader-not-available - INFO | {"message":"Loader agents-md-validation not available, skipping","loader":"agents-md-validation"}
2026-05-25T07:52:33.341Z [auto-1779695553341-efi3o0] [loader-orchestrator] load-complete - SUCCESS | {"message":"Loaded 2 rules from 1 loaders (0 failed)","totalRules":2,"successfulLoaders":1,"failedLoaders":0}
2026-05-25T07:52:33.341Z [auto-1779695553341-z42u0r] [rule-enforcer] async-rules-loaded - SUCCESS | {"message":"Loaded 2 async rules (0 duplicates skipped) from 1 loaders","ruleCount":2,"skippedCount":0,"successfulLoaders":1,"failedLoaders":0}
2026-05-25T07:52:33.341Z [auto-1779695553341-1bp3ez] [loader-orchestrator] loader-not-available - INFO | {"message":"Loader agents-md-validation not available, skipping","loader":"agents-md-validation"}
2026-05-25T07:52:33.341Z [auto-1779695553341-gmgna2] [loader-orchestrator] load-complete - SUCCESS | {"message":"Loaded 2 rules from 1 loaders (0 failed)","totalRules":2,"successfulLoaders":1,"failedLoaders":0}
2026-05-25T07:52:33.341Z [auto-1779695553341-xxiyi8] [rule-enforcer] async-rule-skipped-duplicate - INFO | {"message":"Skipping duplicate rule: processor-validation"}
2026-05-25T07:52:33.341Z [auto-1779695553341-w4flh4] [rule-enforcer] async-rule-skipped-duplicate - INFO | {"message":"Skipping duplicate rule: processor-health"}
2026-05-25T07:52:33.341Z [auto-1779695553341-upzepi] [rule-enforcer] async-rules-loaded - SUCCESS | {"message":"Loaded 0 async rules (2 duplicates skipped) from 1 loaders","ruleCount":0,"skippedCount":2,"successfulLoaders":1,"failedLoaders":0}
2026-05-25T07:52:33.341Z [auto-1779695553341-e664yl] [rule-executor] execute-start - INFO | {"operation":"read","ruleCount":21,"rules":["context-analysis-integration","memory-optimization","dependency-management","input-validation","error-resolution","loop-safety","single-responsibility","test-coverage","security-by-design","continuous-integration","deployment-safety","test-failure-reporting","performance-regression-reporting","security-vulnerability-reporting","multi-agent-ensemble","substrate-externalization","framework-self-validation","emergent-improvement","module-system-consistency","processor-validation","processor-health"]}
2026-05-25T07:52:33.341Z [auto-1779695553341-9vdd57] [rule-executor] execute-complete - SUCCESS | {"operation":"read","passed":true,"errorCount":0,"warningCount":3}
2026-05-25T07:52:33.803Z [auto-1779695553803-lgpr3d] [loader-orchestrator] loader-not-available - INFO | {"message":"Loader codex not available, skipping","loader":"codex"}
2026-05-25T07:52:33.803Z [auto-1779695553803-v0ebnu] [loader-orchestrator] loader-not-available - INFO | {"message":"Loader codex not available, skipping","loader":"codex"}
2026-05-25T07:52:33.807Z [auto-1779695553807-lchzls] [loader-orchestrator] loader-not-available - INFO | {"message":"Loader agent-triage not available, skipping","loader":"agent-triage"}
2026-05-25T07:52:33.807Z [auto-1779695553807-m8tjny] [processor-loader] loaded-processor-rules - SUCCESS | {"message":"Loaded 2 processor rules","ruleCount":2}
2026-05-25T07:52:33.807Z [auto-1779695553807-g8pc6e] [loader-orchestrator] loader-success - SUCCESS | {"message":"Loader processor loaded 2 rules","loader":"processor","ruleCount":2}
2026-05-25T07:52:33.807Z [auto-1779695553807-ayse5i] [loader-orchestrator] loader-not-available - INFO | {"message":"Loader agent-triage not available, skipping","loader":"agent-triage"}
2026-05-25T07:52:33.807Z [auto-1779695553807-ce1a40] [processor-loader] loaded-processor-rules - SUCCESS | {"message":"Loaded 2 processor rules","ruleCount":2}
2026-05-25T07:52:33.807Z [auto-1779695553807-g9i7b4] [loader-orchestrator] loader-success - SUCCESS | {"message":"Loader processor loaded 2 rules","loader":"processor","ruleCount":2}
2026-05-25T07:52:33.809Z [auto-1779695553809-i9psm7] [loader-orchestrator] loader-not-available - INFO | {"message":"Loader agents-md-validation not available, skipping","loader":"agents-md-validation"}
2026-05-25T07:52:33.809Z [auto-1779695553809-r9t2ur] [loader-orchestrator] load-complete - SUCCESS | {"message":"Loaded 2 rules from 1 loaders (0 failed)","totalRules":2,"successfulLoaders":1,"failedLoaders":0}
2026-05-25T07:52:33.809Z [auto-1779695553809-650pg4] [rule-enforcer] async-rules-loaded - SUCCESS | {"message":"Loaded 2 async rules (0 duplicates skipped) from 1 loaders","ruleCount":2,"skippedCount":0,"successfulLoaders":1,"failedLoaders":0}
2026-05-25T07:52:33.809Z [auto-1779695553809-xubvpy] [rule-executor] execute-start - INFO | {"operation":"read","ruleCount":21,"rules":["context-analysis-integration","memory-optimization","dependency-management","input-validation","error-resolution","loop-safety","single-responsibility","test-coverage","security-by-design","continuous-integration","deployment-safety","test-failure-reporting","performance-regression-reporting","security-vulnerability-reporting","multi-agent-ensemble","substrate-externalization","framework-self-validation","emergent-improvement","module-system-consistency","processor-validation","processor-health"]}
2026-05-25T07:52:33.809Z [auto-1779695553809-wripyf] [rule-executor] execute-complete - SUCCESS | {"operation":"read","passed":true,"errorCount":0,"warningCount":3}
2026-05-25T07:52:33.809Z [auto-1779695553809-ny828s] [loader-orchestrator] loader-not-available - INFO | {"message":"Loader agents-md-validation not available, skipping","loader":"agents-md-validation"}
2026-05-25T07:52:33.809Z [auto-1779695553809-h17g06] [loader-orchestrator] load-complete - SUCCESS | {"message":"Loaded 2 rules from 1 loaders (0 failed)","totalRules":2,"successfulLoaders":1,"failedLoaders":0}
2026-05-25T07:52:33.809Z [auto-1779695553809-chvyb1] [rule-enforcer] async-rule-skipped-duplicate - INFO | {"message":"Skipping duplicate rule: processor-validation"}
2026-05-25T07:52:33.809Z [auto-1779695553809-oyxxba] [rule-enforcer] async-rule-skipped-duplicate - INFO | {"message":"Skipping duplicate rule: processor-health"}
2026-05-25T07:52:33.809Z [auto-1779695553809-vk80it] [rule-enforcer] async-rules-loaded - SUCCESS | {"message":"Loaded 0 async rules (2 duplicates skipped) from 1 loaders","ruleCount":0,"skippedCount":2,"successfulLoaders":1,"failedLoaders":0}
2026-05-25T07:52:39.127Z [auto-1779695559127-qwrdyi] [loader-orchestrator] loader-not-available - INFO | {"message":"Loader codex not available, skipping","loader":"codex"}
2026-05-25T07:52:39.127Z [auto-1779695559127-irzrc2] [loader-orchestrator] loader-not-available - INFO | {"message":"Loader codex not available, skipping","loader":"codex"}
2026-05-25T07:52:39.127Z [auto-1779695559127-906bf7] [loader-orchestrator] loader-not-available - INFO | {"message":"Loader agent-triage not available, skipping","loader":"agent-triage"}
2026-05-25T07:52:39.127Z [auto-1779695559127-n36daj] [processor-loader] loaded-processor-rules - SUCCESS | {"message":"Loaded 2 processor rules","ruleCount":2}
2026-05-25T07:52:39.127Z [auto-1779695559127-a3ue7x] [loader-orchestrator] loader-success - SUCCESS | {"message":"Loader processor loaded 2 rules","loader":"processor","ruleCount":2}
2026-05-25T07:52:39.127Z [auto-1779695559127-bqlbc7] [loader-orchestrator] loader-not-available - INFO | {"message":"Loader agent-triage not available, skipping","loader":"agent-triage"}
2026-05-25T07:52:39.127Z [auto-1779695559127-xsa1cb] [processor-loader] loaded-processor-rules - SUCCESS | {"message":"Loaded 2 processor rules","ruleCount":2}
2026-05-25T07:52:39.127Z [auto-1779695559127-mo06oh] [loader-orchestrator] loader-success - SUCCESS | {"message":"Loader processor loaded 2 rules","loader":"processor","ruleCount":2}
2026-05-25T07:52:39.127Z [auto-1779695559127-tnflw8] [loader-orchestrator] loader-not-available - INFO | {"message":"Loader agents-md-validation not available, skipping","loader":"agents-md-validation"}
2026-05-25T07:52:39.127Z [auto-1779695559127-pnpr22] [loader-orchestrator] load-complete - SUCCESS | {"message":"Loaded 2 rules from 1 loaders (0 failed)","totalRules":2,"successfulLoaders":1,"failedLoaders":0}
2026-05-25T07:52:39.127Z [auto-1779695559127-ue8epx] [rule-enforcer] async-rules-loaded - SUCCESS | {"message":"Loaded 2 async rules (0 duplicates skipped) from 1 loaders","ruleCount":2,"skippedCount":0,"successfulLoaders":1,"failedLoaders":0}
2026-05-25T07:52:39.127Z [auto-1779695559127-4wtzca] [rule-executor] execute-start - INFO | {"operation":"read","ruleCount":21,"rules":["context-analysis-integration","memory-optimization","dependency-management","input-validation","error-resolution","loop-safety","single-responsibility","test-coverage","security-by-design","continuous-integration","deployment-safety","test-failure-reporting","performance-regression-reporting","security-vulnerability-reporting","multi-agent-ensemble","substrate-externalization","framework-self-validation","emergent-improvement","module-system-consistency","processor-validation","processor-health"]}
2026-05-25T07:52:39.128Z [auto-1779695559128-j48j10] [rule-executor] execute-complete - SUCCESS | {"operation":"read","passed":true,"errorCount":0,"warningCount":3}
2026-05-25T07:52:39.128Z [auto-1779695559128-vf0jsx] [loader-orchestrator] loader-not-available - INFO | {"message":"Loader agents-md-validation not available, skipping","loader":"agents-md-validation"}
2026-05-25T07:52:39.128Z [auto-1779695559128-il5fak] [loader-orchestrator] load-complete - SUCCESS | {"message":"Loaded 2 rules from 1 loaders (0 failed)","totalRules":2,"successfulLoaders":1,"failedLoaders":0}
2026-05-25T07:52:39.128Z [auto-1779695559128-sbm2wf] [rule-enforcer] async-rule-skipped-duplicate - INFO | {"message":"Skipping duplicate rule: processor-validation"}
2026-05-25T07:52:39.128Z [auto-1779695559128-oia23f] [rule-enforcer] async-rule-skipped-duplicate - INFO | {"message":"Skipping duplicate rule: processor-health"}
2026-05-25T07:52:39.128Z [auto-1779695559128-dupvqc] [rule-enforcer] async-rules-loaded - SUCCESS | {"message":"Loaded 0 async rules (2 duplicates skipped) from 1 loaders","ruleCount":0,"skippedCount":2,"successfulLoaders":1,"failedLoaders":0}
2026-05-25T07:52:39.875Z [auto-1779695559875-gzy5gy] [loader-orchestrator] loader-not-available - INFO | {"message":"Loader codex not available, skipping","loader":"codex"}
2026-05-25T07:52:39.875Z [auto-1779695559875-oshijs] [loader-orchestrator] loader-not-available - INFO | {"message":"Loader codex not available, skipping","loader":"codex"}
2026-05-25T07:52:39.875Z [auto-1779695559875-mjvw1d] [loader-orchestrator] loader-not-available - INFO | {"message":"Loader agent-triage not available, skipping","loader":"agent-triage"}
2026-05-25T07:52:39.875Z [auto-1779695559875-avdbac] [processor-loader] loaded-processor-rules - SUCCESS | {"message":"Loaded 2 processor rules","ruleCount":2}
2026-05-25T07:52:39.875Z [auto-1779695559875-0gh7wr] [loader-orchestrator] loader-success - SUCCESS | {"message":"Loader processor loaded 2 rules","loader":"processor","ruleCount":2}
2026-05-25T07:52:39.875Z [auto-1779695559875-r6ws74] [loader-orchestrator] loader-not-available - INFO | {"message":"Loader agent-triage not available, skipping","loader":"agent-triage"}
2026-05-25T07:52:39.875Z [auto-1779695559875-uuvjv0] [processor-loader] loaded-processor-rules - SUCCESS | {"message":"Loaded 2 processor rules","ruleCount":2}
2026-05-25T07:52:39.875Z [auto-1779695559875-dtcvgq] [loader-orchestrator] loader-success - SUCCESS | {"message":"Loader processor loaded 2 rules","loader":"processor","ruleCount":2}
2026-05-25T07:52:39.875Z [auto-1779695559875-q9100s] [loader-orchestrator] loader-not-available - INFO | {"message":"Loader agents-md-validation not available, skipping","loader":"agents-md-validation"}
2026-05-25T07:52:39.875Z [auto-1779695559875-1bvsdd] [loader-orchestrator] load-complete - SUCCESS | {"message":"Loaded 2 rules from 1 loaders (0 failed)","totalRules":2,"successfulLoaders":1,"failedLoaders":0}
2026-05-25T07:52:39.876Z [auto-1779695559876-2zgbgq] [rule-enforcer] async-rules-loaded - SUCCESS | {"message":"Loaded 2 async rules (0 duplicates skipped) from 1 loaders","ruleCount":2,"skippedCount":0,"successfulLoaders":1,"failedLoaders":0}
2026-05-25T07:52:39.876Z [auto-1779695559876-4ohhlr] [rule-executor] execute-start - INFO | {"operation":"read","ruleCount":21,"rules":["context-analysis-integration","memory-optimization","dependency-management","input-validation","error-resolution","loop-safety","single-responsibility","test-coverage","security-by-design","continuous-integration","deployment-safety","test-failure-reporting","performance-regression-reporting","security-vulnerability-reporting","multi-agent-ensemble","substrate-externalization","framework-self-validation","emergent-improvement","module-system-consistency","processor-validation","processor-health"]}
2026-05-25T07:52:39.876Z [auto-1779695559876-2616br] [rule-executor] execute-complete - SUCCESS | {"operation":"read","passed":true,"errorCount":0,"warningCount":3}
2026-05-25T07:52:39.877Z [auto-1779695559876-we93go] [loader-orchestrator] loader-not-available - INFO | {"message":"Loader agents-md-validation not available, skipping","loader":"agents-md-validation"}
2026-05-25T07:52:39.877Z [auto-1779695559877-6sz8i8] [loader-orchestrator] load-complete - SUCCESS | {"message":"Loaded 2 rules from 1 loaders (0 failed)","totalRules":2,"successfulLoaders":1,"failedLoaders":0}
2026-05-25T07:52:39.877Z [auto-1779695559877-xe8z24] [rule-enforcer] async-rule-skipped-duplicate - INFO | {"message":"Skipping duplicate rule: processor-validation"}
2026-05-25T07:52:39.877Z [auto-1779695559877-tgh6wc] [rule-enforcer] async-rule-skipped-duplicate - INFO | {"message":"Skipping duplicate rule: processor-health"}
2026-05-25T07:52:39.877Z [auto-1779695559877-1ccfxv] [rule-enforcer] async-rules-loaded - SUCCESS | {"message":"Loaded 0 async rules (2 duplicates skipped) from 1 loaders","ruleCount":0,"skippedCount":2,"successfulLoaders":1,"failedLoaders":0}
2026-05-25T07:52:44.246Z [auto-1779695564246-87u4vx] [loader-orchestrator] loader-not-available - INFO | {"message":"Loader codex not available, skipping","loader":"codex"}
2026-05-25T07:52:44.246Z [auto-1779695564246-5qqgoe] [loader-orchestrator] loader-not-available - INFO | {"message":"Loader codex not available, skipping","loader":"codex"}
2026-05-25T07:52:44.247Z [auto-1779695564247-8a0vuz] [loader-orchestrator] loader-not-available - INFO | {"message":"Loader agent-triage not available, skipping","loader":"agent-triage"}
2026-05-25T07:52:44.247Z [auto-1779695564247-mix721] [processor-loader] loaded-processor-rules - SUCCESS | {"message":"Loaded 2 processor rules","ruleCount":2}
2026-05-25T07:52:44.247Z [auto-1779695564247-zluqy6] [loader-orchestrator] loader-success - SUCCESS | {"message":"Loader processor loaded 2 rules","loader":"processor","ruleCount":2}
2026-05-25T07:52:44.247Z [auto-1779695564247-tnkcgr] [loader-orchestrator] loader-not-available - INFO | {"message":"Loader agent-triage not available, skipping","loader":"agent-triage"}
2026-05-25T07:52:44.247Z [auto-1779695564247-0zsgz0] [processor-loader] loaded-processor-rules - SUCCESS | {"message":"Loaded 2 processor rules","ruleCount":2}
2026-05-25T07:52:44.247Z [auto-1779695564247-bouwnt] [loader-orchestrator] loader-success - SUCCESS | {"message":"Loader processor loaded 2 rules","loader":"processor","ruleCount":2}
2026-05-25T07:52:44.247Z [auto-1779695564247-2mdfl9] [loader-orchestrator] loader-not-available - INFO | {"message":"Loader agents-md-validation not available, skipping","loader":"agents-md-validation"}
2026-05-25T07:52:44.247Z [auto-1779695564247-5mllci] [loader-orchestrator] load-complete - SUCCESS | {"message":"Loaded 2 rules from 1 loaders (0 failed)","totalRules":2,"successfulLoaders":1,"failedLoaders":0}
2026-05-25T07:52:44.247Z [auto-1779695564247-6bax4z] [rule-enforcer] async-rules-loaded - SUCCESS | {"message":"Loaded 2 async rules (0 duplicates skipped) from 1 loaders","ruleCount":2,"skippedCount":0,"successfulLoaders":1,"failedLoaders":0}
2026-05-25T07:52:44.247Z [auto-1779695564247-0qps9n] [loader-orchestrator] loader-not-available - INFO | {"message":"Loader agents-md-validation not available, skipping","loader":"agents-md-validation"}
2026-05-25T07:52:44.247Z [auto-1779695564247-fe6c9y] [loader-orchestrator] load-complete - SUCCESS | {"message":"Loaded 2 rules from 1 loaders (0 failed)","totalRules":2,"successfulLoaders":1,"failedLoaders":0}
2026-05-25T07:52:44.247Z [auto-1779695564247-kbpfp9] [rule-enforcer] async-rule-skipped-duplicate - INFO | {"message":"Skipping duplicate rule: processor-validation"}
2026-05-25T07:52:44.247Z [auto-1779695564247-0s1d29] [rule-enforcer] async-rule-skipped-duplicate - INFO | {"message":"Skipping duplicate rule: processor-health"}
2026-05-25T07:52:44.247Z [auto-1779695564247-oa8o4e] [rule-enforcer] async-rules-loaded - SUCCESS | {"message":"Loaded 0 async rules (2 duplicates skipped) from 1 loaders","ruleCount":0,"skippedCount":2,"successfulLoaders":1,"failedLoaders":0}
2026-05-25T07:52:44.247Z [auto-1779695564247-utb7fp] [rule-executor] execute-start - INFO | {"operation":"read","ruleCount":21,"rules":["context-analysis-integration","memory-optimization","dependency-management","input-validation","error-resolution","loop-safety","single-responsibility","test-coverage","security-by-design","continuous-integration","deployment-safety","test-failure-reporting","performance-regression-reporting","security-vulnerability-reporting","multi-agent-ensemble","substrate-externalization","framework-self-validation","emergent-improvement","module-system-consistency","processor-validation","processor-health"]}
2026-05-25T07:52:44.248Z [auto-1779695564248-c08phj] [rule-executor] execute-complete - SUCCESS | {"operation":"read","passed":true,"errorCount":0,"warningCount":3}
2026-05-25T07:52:44.823Z [auto-1779695564823-2fgi5w] [loader-orchestrator] loader-not-available - INFO | {"message":"Loader codex not available, skipping","loader":"codex"}
2026-05-25T07:52:44.823Z [auto-1779695564823-83c1r8] [loader-orchestrator] loader-not-available - INFO | {"message":"Loader codex not available, skipping","loader":"codex"}
2026-05-25T07:52:44.823Z [auto-1779695564823-0z1p35] [loader-orchestrator] loader-not-available - INFO | {"message":"Loader agent-triage not available, skipping","loader":"agent-triage"}
2026-05-25T07:52:44.823Z [auto-1779695564823-cgjxpk] [processor-loader] loaded-processor-rules - SUCCESS | {"message":"Loaded 2 processor rules","ruleCount":2}
2026-05-25T07:52:44.823Z [auto-1779695564823-gd7dtq] [loader-orchestrator] loader-success - SUCCESS | {"message":"Loader processor loaded 2 rules","loader":"processor","ruleCount":2}
2026-05-25T07:52:44.823Z [auto-1779695564823-u1z1u7] [loader-orchestrator] loader-not-available - INFO | {"message":"Loader agent-triage not available, skipping","loader":"agent-triage"}
2026-05-25T07:52:44.823Z [auto-1779695564823-q9e58i] [processor-loader] loaded-processor-rules - SUCCESS | {"message":"Loaded 2 processor rules","ruleCount":2}
2026-05-25T07:52:44.823Z [auto-1779695564823-y1o56n] [loader-orchestrator] loader-success - SUCCESS | {"message":"Loader processor loaded 2 rules","loader":"processor","ruleCount":2}
2026-05-25T07:52:44.823Z [auto-1779695564823-ljgjjc] [loader-orchestrator] loader-not-available - INFO | {"message":"Loader agents-md-validation not available, skipping","loader":"agents-md-validation"}
2026-05-25T07:52:44.823Z [auto-1779695564823-kyd1f6] [loader-orchestrator] load-complete - SUCCESS | {"message":"Loaded 2 rules from 1 loaders (0 failed)","totalRules":2,"successfulLoaders":1,"failedLoaders":0}
2026-05-25T07:52:44.823Z [auto-1779695564823-3vvr7p] [rule-enforcer] async-rules-loaded - SUCCESS | {"message":"Loaded 2 async rules (0 duplicates skipped) from 1 loaders","ruleCount":2,"skippedCount":0,"successfulLoaders":1,"failedLoaders":0}
2026-05-25T07:52:44.832Z [auto-1779695564832-b7jkqp] [loader-orchestrator] loader-not-available - INFO | {"message":"Loader agents-md-validation not available, skipping","loader":"agents-md-validation"}
2026-05-25T07:52:44.832Z [auto-1779695564832-z1uchd] [loader-orchestrator] load-complete - SUCCESS | {"message":"Loaded 2 rules from 1 loaders (0 failed)","totalRules":2,"successfulLoaders":1,"failedLoaders":0}
2026-05-25T07:52:44.832Z [auto-1779695564832-0gioyh] [rule-enforcer] async-rule-skipped-duplicate - INFO | {"message":"Skipping duplicate rule: processor-validation"}
2026-05-25T07:52:44.832Z [auto-1779695564832-0cs0ki] [rule-enforcer] async-rule-skipped-duplicate - INFO | {"message":"Skipping duplicate rule: processor-health"}
2026-05-25T07:52:44.832Z [auto-1779695564832-xc43u7] [rule-enforcer] async-rules-loaded - SUCCESS | {"message":"Loaded 0 async rules (2 duplicates skipped) from 1 loaders","ruleCount":0,"skippedCount":2,"successfulLoaders":1,"failedLoaders":0}
2026-05-25T07:52:44.832Z [auto-1779695564832-bgjpe7] [rule-executor] execute-start - INFO | {"operation":"read","ruleCount":21,"rules":["context-analysis-integration","memory-optimization","dependency-management","input-validation","error-resolution","loop-safety","single-responsibility","test-coverage","security-by-design","continuous-integration","deployment-safety","test-failure-reporting","performance-regression-reporting","security-vulnerability-reporting","multi-agent-ensemble","substrate-externalization","framework-self-validation","emergent-improvement","module-system-consistency","processor-validation","processor-health"]}
2026-05-25T07:52:44.833Z [auto-1779695564833-dporu2] [rule-executor] execute-complete - SUCCESS | {"operation":"read","passed":true,"errorCount":0,"warningCount":3}
2026-05-25T07:52:45.200Z [auto-1779695565200-87okd5] [loader-orchestrator] loader-not-available - INFO | {"message":"Loader codex not available, skipping","loader":"codex"}
2026-05-25T07:52:45.200Z [auto-1779695565200-4jmrp3] [loader-orchestrator] loader-not-available - INFO | {"message":"Loader codex not available, skipping","loader":"codex"}
2026-05-25T07:52:45.200Z [auto-1779695565200-le9y1b] [loader-orchestrator] loader-not-available - INFO | {"message":"Loader agent-triage not available, skipping","loader":"agent-triage"}
2026-05-25T07:52:45.200Z [auto-1779695565200-w766wr] [processor-loader] loaded-processor-rules - SUCCESS | {"message":"Loaded 2 processor rules","ruleCount":2}
2026-05-25T07:52:45.200Z [auto-1779695565200-sbye8o] [loader-orchestrator] loader-success - SUCCESS | {"message":"Loader processor loaded 2 rules","loader":"processor","ruleCount":2}
2026-05-25T07:52:45.200Z [auto-1779695565200-goi6fw] [loader-orchestrator] loader-not-available - INFO | {"message":"Loader agent-triage not available, skipping","loader":"agent-triage"}
2026-05-25T07:52:45.200Z [auto-1779695565200-vz8q3f] [processor-loader] loaded-processor-rules - SUCCESS | {"message":"Loaded 2 processor rules","ruleCount":2}
2026-05-25T07:52:45.200Z [auto-1779695565200-b52ed2] [loader-orchestrator] loader-success - SUCCESS | {"message":"Loader processor loaded 2 rules","loader":"processor","ruleCount":2}
2026-05-25T07:52:45.200Z [auto-1779695565200-yqiig0] [loader-orchestrator] loader-not-available - INFO | {"message":"Loader agents-md-validation not available, skipping","loader":"agents-md-validation"}
2026-05-25T07:52:45.200Z [auto-1779695565200-7pb32l] [loader-orchestrator] load-complete - SUCCESS | {"message":"Loaded 2 rules from 1 loaders (0 failed)","totalRules":2,"successfulLoaders":1,"failedLoaders":0}
2026-05-25T07:52:45.200Z [auto-1779695565200-vns1v1] [rule-enforcer] async-rules-loaded - SUCCESS | {"message":"Loaded 2 async rules (0 duplicates skipped) from 1 loaders","ruleCount":2,"skippedCount":0,"successfulLoaders":1,"failedLoaders":0}
2026-05-25T07:52:45.200Z [auto-1779695565200-a7dvnl] [loader-orchestrator] loader-not-available - INFO | {"message":"Loader agents-md-validation not available, skipping","loader":"agents-md-validation"}
2026-05-25T07:52:45.200Z [auto-1779695565200-jen3ve] [loader-orchestrator] load-complete - SUCCESS | {"message":"Loaded 2 rules from 1 loaders (0 failed)","totalRules":2,"successfulLoaders":1,"failedLoaders":0}
2026-05-25T07:52:45.200Z [auto-1779695565200-xvlsgq] [rule-enforcer] async-rule-skipped-duplicate - INFO | {"message":"Skipping duplicate rule: processor-validation"}
2026-05-25T07:52:45.200Z [auto-1779695565200-12hn0v] [rule-enforcer] async-rule-skipped-duplicate - INFO | {"message":"Skipping duplicate rule: processor-health"}
2026-05-25T07:52:45.200Z [auto-1779695565200-qt74j1] [rule-enforcer] async-rules-loaded - SUCCESS | {"message":"Loaded 0 async rules (2 duplicates skipped) from 1 loaders","ruleCount":0,"skippedCount":2,"successfulLoaders":1,"failedLoaders":0}
2026-05-25T07:52:45.200Z [auto-1779695565200-f490tm] [rule-executor] execute-start - INFO | {"operation":"read","ruleCount":21,"rules":["context-analysis-integration","memory-optimization","dependency-management","input-validation","error-resolution","loop-safety","single-responsibility","test-coverage","security-by-design","continuous-integration","deployment-safety","test-failure-reporting","performance-regression-reporting","security-vulnerability-reporting","multi-agent-ensemble","substrate-externalization","framework-self-validation","emergent-improvement","module-system-consistency","processor-validation","processor-health"]}
2026-05-25T07:52:45.200Z [auto-1779695565200-0t0xge] [rule-executor] execute-complete - SUCCESS | {"operation":"read","passed":true,"errorCount":0,"warningCount":3}
2026-05-25T07:52:51.712Z [auto-1779695571712-wbm385] [loader-orchestrator] loader-not-available - INFO | {"message":"Loader codex not available, skipping","loader":"codex"}
2026-05-25T07:52:51.712Z [auto-1779695571712-yuorgk] [loader-orchestrator] loader-not-available - INFO | {"message":"Loader codex not available, skipping","loader":"codex"}
2026-05-25T07:52:51.713Z [auto-1779695571713-ay9l14] [loader-orchestrator] loader-not-available - INFO | {"message":"Loader agent-triage not available, skipping","loader":"agent-triage"}
2026-05-25T07:52:51.713Z [auto-1779695571713-ks1qxo] [processor-loader] loaded-processor-rules - SUCCESS | {"message":"Loaded 2 processor rules","ruleCount":2}
2026-05-25T07:52:51.713Z [auto-1779695571713-tojn7m] [loader-orchestrator] loader-success - SUCCESS | {"message":"Loader processor loaded 2 rules","loader":"processor","ruleCount":2}
2026-05-25T07:52:51.713Z [auto-1779695571713-pkpwpj] [loader-orchestrator] loader-not-available - INFO | {"message":"Loader agent-triage not available, skipping","loader":"agent-triage"}
2026-05-25T07:52:51.713Z [auto-1779695571713-brerkp] [processor-loader] loaded-processor-rules - SUCCESS | {"message":"Loaded 2 processor rules","ruleCount":2}
2026-05-25T07:52:51.713Z [auto-1779695571713-evpysn] [loader-orchestrator] loader-success - SUCCESS | {"message":"Loader processor loaded 2 rules","loader":"processor","ruleCount":2}
2026-05-25T07:52:51.713Z [auto-1779695571713-niljog] [loader-orchestrator] loader-not-available - INFO | {"message":"Loader agents-md-validation not available, skipping","loader":"agents-md-validation"}
2026-05-25T07:52:51.713Z [auto-1779695571713-jftgu1] [loader-orchestrator] load-complete - SUCCESS | {"message":"Loaded 2 rules from 1 loaders (0 failed)","totalRules":2,"successfulLoaders":1,"failedLoaders":0}
2026-05-25T07:52:51.713Z [auto-1779695571713-qayght] [rule-enforcer] async-rules-loaded - SUCCESS | {"message":"Loaded 2 async rules (0 duplicates skipped) from 1 loaders","ruleCount":2,"skippedCount":0,"successfulLoaders":1,"failedLoaders":0}
2026-05-25T07:52:51.713Z [auto-1779695571713-8urokv] [rule-executor] execute-start - INFO | {"operation":"glob","ruleCount":21,"rules":["context-analysis-integration","memory-optimization","dependency-management","input-validation","error-resolution","loop-safety","single-responsibility","test-coverage","security-by-design","continuous-integration","deployment-safety","test-failure-reporting","performance-regression-reporting","security-vulnerability-reporting","multi-agent-ensemble","substrate-externalization","framework-self-validation","emergent-improvement","module-system-consistency","processor-validation","processor-health"]}
2026-05-25T07:52:51.713Z [auto-1779695571713-07kbru] [rule-executor] execute-complete - SUCCESS | {"operation":"glob","passed":true,"errorCount":0,"warningCount":3}
2026-05-25T07:52:51.716Z [auto-1779695571716-yfw3lt] [loader-orchestrator] loader-not-available - INFO | {"message":"Loader agents-md-validation not available, skipping","loader":"agents-md-validation"}
2026-05-25T07:52:51.717Z [auto-1779695571717-lpj639] [loader-orchestrator] load-complete - SUCCESS | {"message":"Loaded 2 rules from 1 loaders (0 failed)","totalRules":2,"successfulLoaders":1,"failedLoaders":0}
2026-05-25T07:52:51.717Z [auto-1779695571717-s5l0lt] [rule-enforcer] async-rule-skipped-duplicate - INFO | {"message":"Skipping duplicate rule: processor-validation"}
2026-05-25T07:52:51.717Z [auto-1779695571717-q1bvjc] [rule-enforcer] async-rule-skipped-duplicate - INFO | {"message":"Skipping duplicate rule: processor-health"}
2026-05-25T07:52:51.717Z [auto-1779695571717-b77buh] [rule-enforcer] async-rules-loaded - SUCCESS | {"message":"Loaded 0 async rules (2 duplicates skipped) from 1 loaders","ruleCount":0,"skippedCount":2,"successfulLoaders":1,"failedLoaders":0}
2026-05-25T07:52:51.738Z [auto-1779695571738-l4wvvb] [loader-orchestrator] loader-not-available - INFO | {"message":"Loader codex not available, skipping","loader":"codex"}
2026-05-25T07:52:51.738Z [auto-1779695571738-9zee0g] [loader-orchestrator] loader-not-available - INFO | {"message":"Loader codex not available, skipping","loader":"codex"}
2026-05-25T07:52:51.738Z [auto-1779695571738-2xgzmc] [loader-orchestrator] loader-not-available - INFO | {"message":"Loader agent-triage not available, skipping","loader":"agent-triage"}
2026-05-25T07:52:51.738Z [auto-1779695571738-kssjw3] [processor-loader] loaded-processor-rules - SUCCESS | {"message":"Loaded 2 processor rules","ruleCount":2}
2026-05-25T07:52:51.738Z [auto-1779695571738-8u6s7y] [loader-orchestrator] loader-success - SUCCESS | {"message":"Loader processor loaded 2 rules","loader":"processor","ruleCount":2}
2026-05-25T07:52:51.738Z [auto-1779695571738-vlhm8e] [loader-orchestrator] loader-not-available - INFO | {"message":"Loader agent-triage not available, skipping","loader":"agent-triage"}
2026-05-25T07:52:51.738Z [auto-1779695571738-aun57c] [processor-loader] loaded-processor-rules - SUCCESS | {"message":"Loaded 2 processor rules","ruleCount":2}
2026-05-25T07:52:51.738Z [auto-1779695571738-c1irra] [loader-orchestrator] loader-success - SUCCESS | {"message":"Loader processor loaded 2 rules","loader":"processor","ruleCount":2}
2026-05-25T07:52:51.738Z [auto-1779695571738-8nropp] [loader-orchestrator] loader-not-available - INFO | {"message":"Loader agents-md-validation not available, skipping","loader":"agents-md-validation"}
2026-05-25T07:52:51.738Z [auto-1779695571738-903az5] [loader-orchestrator] load-complete - SUCCESS | {"message":"Loaded 2 rules from 1 loaders (0 failed)","totalRules":2,"successfulLoaders":1,"failedLoaders":0}
2026-05-25T07:52:51.738Z [auto-1779695571738-1t0395] [rule-enforcer] async-rules-loaded - SUCCESS | {"message":"Loaded 2 async rules (0 duplicates skipped) from 1 loaders","ruleCount":2,"skippedCount":0,"successfulLoaders":1,"failedLoaders":0}
2026-05-25T07:52:51.738Z [auto-1779695571738-2tn3gi] [rule-executor] execute-start - INFO | {"operation":"grep","ruleCount":21,"rules":["context-analysis-integration","memory-optimization","dependency-management","input-validation","error-resolution","loop-safety","single-responsibility","test-coverage","security-by-design","continuous-integration","deployment-safety","test-failure-reporting","performance-regression-reporting","security-vulnerability-reporting","multi-agent-ensemble","substrate-externalization","framework-self-validation","emergent-improvement","module-system-consistency","processor-validation","processor-health"]}
2026-05-25T07:52:51.738Z [auto-1779695571738-7wsz4v] [rule-executor] execute-complete - SUCCESS | {"operation":"grep","passed":true,"errorCount":0,"warningCount":3}
2026-05-25T07:52:51.756Z [auto-1779695571756-tqdvwz] [loader-orchestrator] loader-not-available - INFO | {"message":"Loader agents-md-validation not available, skipping","loader":"agents-md-validation"}
2026-05-25T07:52:51.756Z [auto-1779695571756-rwdagj] [loader-orchestrator] load-complete - SUCCESS | {"message":"Loaded 2 rules from 1 loaders (0 failed)","totalRules":2,"successfulLoaders":1,"failedLoaders":0}
2026-05-25T07:52:51.756Z [auto-1779695571756-fnrb4n] [rule-enforcer] async-rule-skipped-duplicate - INFO | {"message":"Skipping duplicate rule: processor-validation"}
2026-05-25T07:52:51.756Z [auto-1779695571756-t5ljjl] [rule-enforcer] async-rule-skipped-duplicate - INFO | {"message":"Skipping duplicate rule: processor-health"}
2026-05-25T07:52:51.756Z [auto-1779695571756-nxl95b] [rule-enforcer] async-rules-loaded - SUCCESS | {"message":"Loaded 0 async rules (2 duplicates skipped) from 1 loaders","ruleCount":0,"skippedCount":2,"successfulLoaders":1,"failedLoaders":0}
2026-05-25T07:52:55.656Z [auto-1779695575656-zqx2y2] [loader-orchestrator] loader-not-available - INFO | {"message":"Loader codex not available, skipping","loader":"codex"}
2026-05-25T07:52:55.656Z [auto-1779695575656-lotjvs] [loader-orchestrator] loader-not-available - INFO | {"message":"Loader codex not available, skipping","loader":"codex"}
2026-05-25T07:52:55.656Z [auto-1779695575656-7xr51s] [loader-orchestrator] loader-not-available - INFO | {"message":"Loader agent-triage not available, skipping","loader":"agent-triage"}
2026-05-25T07:52:55.656Z [auto-1779695575656-fynnc7] [processor-loader] loaded-processor-rules - SUCCESS | {"message":"Loaded 2 processor rules","ruleCount":2}
2026-05-25T07:52:55.656Z [auto-1779695575656-g72cok] [loader-orchestrator] loader-success - SUCCESS | {"message":"Loader processor loaded 2 rules","loader":"processor","ruleCount":2}
2026-05-25T07:52:55.656Z [auto-1779695575656-8kj469] [loader-orchestrator] loader-not-available - INFO | {"message":"Loader agent-triage not available, skipping","loader":"agent-triage"}
2026-05-25T07:52:55.656Z [auto-1779695575656-sp10pt] [processor-loader] loaded-processor-rules - SUCCESS | {"message":"Loaded 2 processor rules","ruleCount":2}
2026-05-25T07:52:55.656Z [auto-1779695575656-euqvt5] [loader-orchestrator] loader-success - SUCCESS | {"message":"Loader processor loaded 2 rules","loader":"processor","ruleCount":2}
2026-05-25T07:52:55.656Z [auto-1779695575656-48jqp6] [loader-orchestrator] loader-not-available - INFO | {"message":"Loader agents-md-validation not available, skipping","loader":"agents-md-validation"}
2026-05-25T07:52:55.656Z [auto-1779695575656-fgu2vn] [loader-orchestrator] load-complete - SUCCESS | {"message":"Loaded 2 rules from 1 loaders (0 failed)","totalRules":2,"successfulLoaders":1,"failedLoaders":0}
2026-05-25T07:52:55.656Z [auto-1779695575656-cv54vv] [rule-enforcer] async-rules-loaded - SUCCESS | {"message":"Loaded 2 async rules (0 duplicates skipped) from 1 loaders","ruleCount":2,"skippedCount":0,"successfulLoaders":1,"failedLoaders":0}
2026-05-25T07:52:55.656Z [auto-1779695575656-8mc5v5] [loader-orchestrator] loader-not-available - INFO | {"message":"Loader agents-md-validation not available, skipping","loader":"agents-md-validation"}
2026-05-25T07:52:55.656Z [auto-1779695575656-d601lp] [loader-orchestrator] load-complete - SUCCESS | {"message":"Loaded 2 rules from 1 loaders (0 failed)","totalRules":2,"successfulLoaders":1,"failedLoaders":0}
2026-05-25T07:52:55.656Z [auto-1779695575656-63s1qj] [rule-enforcer] async-rule-skipped-duplicate - INFO | {"message":"Skipping duplicate rule: processor-validation"}
2026-05-25T07:52:55.656Z [auto-1779695575656-rgemjh] [rule-enforcer] async-rule-skipped-duplicate - INFO | {"message":"Skipping duplicate rule: processor-health"}
2026-05-25T07:52:55.656Z [auto-1779695575656-88a5qz] [rule-enforcer] async-rules-loaded - SUCCESS | {"message":"Loaded 0 async rules (2 duplicates skipped) from 1 loaders","ruleCount":0,"skippedCount":2,"successfulLoaders":1,"failedLoaders":0}
2026-05-25T07:52:55.656Z [auto-1779695575656-9hgob0] [rule-executor] execute-start - INFO | {"operation":"read","ruleCount":21,"rules":["context-analysis-integration","memory-optimization","dependency-management","input-validation","error-resolution","loop-safety","single-responsibility","test-coverage","security-by-design","continuous-integration","deployment-safety","test-failure-reporting","performance-regression-reporting","security-vulnerability-reporting","multi-agent-ensemble","substrate-externalization","framework-self-validation","emergent-improvement","module-system-consistency","processor-validation","processor-health"]}
2026-05-25T07:52:55.656Z [auto-1779695575656-qez5el] [rule-executor] execute-complete - SUCCESS | {"operation":"read","passed":true,"errorCount":0,"warningCount":3}
2026-05-25T07:52:56.294Z [auto-1779695576294-jjaus2] [loader-orchestrator] loader-not-available - INFO | {"message":"Loader codex not available, skipping","loader":"codex"}
2026-05-25T07:52:56.295Z [auto-1779695576295-xfqscb] [loader-orchestrator] loader-not-available - INFO | {"message":"Loader codex not available, skipping","loader":"codex"}
2026-05-25T07:52:56.295Z [auto-1779695576295-1kq7c0] [loader-orchestrator] loader-not-available - INFO | {"message":"Loader agent-triage not available, skipping","loader":"agent-triage"}
2026-05-25T07:52:56.295Z [auto-1779695576295-9l8knr] [processor-loader] loaded-processor-rules - SUCCESS | {"message":"Loaded 2 processor rules","ruleCount":2}
2026-05-25T07:52:56.295Z [auto-1779695576295-9tmfzw] [loader-orchestrator] loader-success - SUCCESS | {"message":"Loader processor loaded 2 rules","loader":"processor","ruleCount":2}
2026-05-25T07:52:56.295Z [auto-1779695576295-29j11r] [loader-orchestrator] loader-not-available - INFO | {"message":"Loader agent-triage not available, skipping","loader":"agent-triage"}
2026-05-25T07:52:56.295Z [auto-1779695576295-fb1nje] [processor-loader] loaded-processor-rules - SUCCESS | {"message":"Loaded 2 processor rules","ruleCount":2}
2026-05-25T07:52:56.295Z [auto-1779695576295-8yowlx] [loader-orchestrator] loader-success - SUCCESS | {"message":"Loader processor loaded 2 rules","loader":"processor","ruleCount":2}
2026-05-25T07:52:56.295Z [auto-1779695576295-1d9m9r] [loader-orchestrator] loader-not-available - INFO | {"message":"Loader agents-md-validation not available, skipping","loader":"agents-md-validation"}
2026-05-25T07:52:56.295Z [auto-1779695576295-3zg9o1] [loader-orchestrator] load-complete - SUCCESS | {"message":"Loaded 2 rules from 1 loaders (0 failed)","totalRules":2,"successfulLoaders":1,"failedLoaders":0}
2026-05-25T07:52:56.295Z [auto-1779695576295-ahybze] [rule-enforcer] async-rules-loaded - SUCCESS | {"message":"Loaded 2 async rules (0 duplicates skipped) from 1 loaders","ruleCount":2,"skippedCount":0,"successfulLoaders":1,"failedLoaders":0}
2026-05-25T07:52:56.295Z [auto-1779695576295-5734q2] [rule-executor] execute-start - INFO | {"operation":"read","ruleCount":21,"rules":["context-analysis-integration","memory-optimization","dependency-management","input-validation","error-resolution","loop-safety","single-responsibility","test-coverage","security-by-design","continuous-integration","deployment-safety","test-failure-reporting","performance-regression-reporting","security-vulnerability-reporting","multi-agent-ensemble","substrate-externalization","framework-self-validation","emergent-improvement","module-system-consistency","processor-validation","processor-health"]}
2026-05-25T07:52:56.295Z [auto-1779695576295-g5tyw2] [rule-executor] execute-complete - SUCCESS | {"operation":"read","passed":true,"errorCount":0,"warningCount":3}
2026-05-25T07:52:56.296Z [auto-1779695576296-3zxf4q] [loader-orchestrator] loader-not-available - INFO | {"message":"Loader agents-md-validation not available, skipping","loader":"agents-md-validation"}
2026-05-25T07:52:56.296Z [auto-1779695576296-cwhh58] [loader-orchestrator] load-complete - SUCCESS | {"message":"Loaded 2 rules from 1 loaders (0 failed)","totalRules":2,"successfulLoaders":1,"failedLoaders":0}
2026-05-25T07:52:56.296Z [auto-1779695576296-hb9taq] [rule-enforcer] async-rule-skipped-duplicate - INFO | {"message":"Skipping duplicate rule: processor-validation"}
2026-05-25T07:52:56.296Z [auto-1779695576296-54czn0] [rule-enforcer] async-rule-skipped-duplicate - INFO | {"message":"Skipping duplicate rule: processor-health"}
2026-05-25T07:52:56.296Z [auto-1779695576296-mumb8e] [rule-enforcer] async-rules-loaded - SUCCESS | {"message":"Loaded 0 async rules (2 duplicates skipped) from 1 loaders","ruleCount":0,"skippedCount":2,"successfulLoaders":1,"failedLoaders":0}
2026-05-25T07:53:02.002Z [auto-1779695582002-ghvuly] [loader-orchestrator] loader-not-available - INFO | {"message":"Loader codex not available, skipping","loader":"codex"}
2026-05-25T07:53:02.002Z [auto-1779695582002-2sxv5l] [loader-orchestrator] loader-not-available - INFO | {"message":"Loader codex not available, skipping","loader":"codex"}
2026-05-25T07:53:02.002Z [auto-1779695582002-6hikit] [loader-orchestrator] loader-not-available - INFO | {"message":"Loader agent-triage not available, skipping","loader":"agent-triage"}
2026-05-25T07:53:02.002Z [auto-1779695582002-2tadnf] [processor-loader] loaded-processor-rules - SUCCESS | {"message":"Loaded 2 processor rules","ruleCount":2}
2026-05-25T07:53:02.002Z [auto-1779695582002-tkb6ed] [loader-orchestrator] loader-success - SUCCESS | {"message":"Loader processor loaded 2 rules","loader":"processor","ruleCount":2}
2026-05-25T07:53:02.002Z [auto-1779695582002-mylbv8] [loader-orchestrator] loader-not-available - INFO | {"message":"Loader agent-triage not available, skipping","loader":"agent-triage"}
2026-05-25T07:53:02.002Z [auto-1779695582002-7pc3in] [processor-loader] loaded-processor-rules - SUCCESS | {"message":"Loaded 2 processor rules","ruleCount":2}
2026-05-25T07:53:02.002Z [auto-1779695582002-k47l9i] [loader-orchestrator] loader-success - SUCCESS | {"message":"Loader processor loaded 2 rules","loader":"processor","ruleCount":2}
2026-05-25T07:53:02.002Z [auto-1779695582002-p8ugb4] [loader-orchestrator] loader-not-available - INFO | {"message":"Loader agents-md-validation not available, skipping","loader":"agents-md-validation"}
2026-05-25T07:53:02.002Z [auto-1779695582002-en81b4] [loader-orchestrator] load-complete - SUCCESS | {"message":"Loaded 2 rules from 1 loaders (0 failed)","totalRules":2,"successfulLoaders":1,"failedLoaders":0}
2026-05-25T07:53:02.002Z [auto-1779695582002-btlcim] [rule-enforcer] async-rules-loaded - SUCCESS | {"message":"Loaded 2 async rules (0 duplicates skipped) from 1 loaders","ruleCount":2,"skippedCount":0,"successfulLoaders":1,"failedLoaders":0}
2026-05-25T07:53:02.002Z [auto-1779695582002-ol6f1u] [loader-orchestrator] loader-not-available - INFO | {"message":"Loader agents-md-validation not available, skipping","loader":"agents-md-validation"}
2026-05-25T07:53:02.002Z [auto-1779695582002-e2yrr3] [loader-orchestrator] load-complete - SUCCESS | {"message":"Loaded 2 rules from 1 loaders (0 failed)","totalRules":2,"successfulLoaders":1,"failedLoaders":0}
2026-05-25T07:53:02.002Z [auto-1779695582002-cig6om] [rule-enforcer] async-rule-skipped-duplicate - INFO | {"message":"Skipping duplicate rule: processor-validation"}
2026-05-25T07:53:02.002Z [auto-1779695582002-faykk8] [rule-enforcer] async-rule-skipped-duplicate - INFO | {"message":"Skipping duplicate rule: processor-health"}
2026-05-25T07:53:02.002Z [auto-1779695582002-to7nif] [rule-enforcer] async-rules-loaded - SUCCESS | {"message":"Loaded 0 async rules (2 duplicates skipped) from 1 loaders","ruleCount":0,"skippedCount":2,"successfulLoaders":1,"failedLoaders":0}
2026-05-25T07:53:02.002Z [auto-1779695582002-db5esx] [rule-executor] execute-start - INFO | {"operation":"todowrite","ruleCount":21,"rules":["context-analysis-integration","memory-optimization","dependency-management","input-validation","error-resolution","loop-safety","single-responsibility","test-coverage","security-by-design","continuous-integration","deployment-safety","test-failure-reporting","performance-regression-reporting","security-vulnerability-reporting","multi-agent-ensemble","substrate-externalization","framework-self-validation","emergent-improvement","module-system-consistency","processor-validation","processor-health"]}
2026-05-25T07:53:02.002Z [auto-1779695582002-x8opr6] [rule-executor] execute-complete - SUCCESS | {"operation":"todowrite","passed":true,"errorCount":0,"warningCount":3}
2026-05-25T07:53:24.770Z [auto-1779695604770-35r2v5] [loader-orchestrator] loader-not-available - INFO | {"message":"Loader codex not available, skipping","loader":"codex"}
2026-05-25T07:53:24.771Z [auto-1779695604771-gsu4bs] [loader-orchestrator] loader-not-available - INFO | {"message":"Loader codex not available, skipping","loader":"codex"}
2026-05-25T07:53:24.771Z [auto-1779695604771-f1x263] [loader-orchestrator] loader-not-available - INFO | {"message":"Loader agent-triage not available, skipping","loader":"agent-triage"}
2026-05-25T07:53:24.771Z [auto-1779695604771-zlbhkt] [processor-loader] loaded-processor-rules - SUCCESS | {"message":"Loaded 2 processor rules","ruleCount":2}
2026-05-25T07:53:24.771Z [auto-1779695604771-ed3ww8] [loader-orchestrator] loader-success - SUCCESS | {"message":"Loader processor loaded 2 rules","loader":"processor","ruleCount":2}
2026-05-25T07:53:24.771Z [auto-1779695604771-2x8dsk] [loader-orchestrator] loader-not-available - INFO | {"message":"Loader agent-triage not available, skipping","loader":"agent-triage"}
2026-05-25T07:53:24.771Z [auto-1779695604771-spik7p] [processor-loader] loaded-processor-rules - SUCCESS | {"message":"Loaded 2 processor rules","ruleCount":2}
2026-05-25T07:53:24.771Z [auto-1779695604771-ki2ijm] [loader-orchestrator] loader-success - SUCCESS | {"message":"Loader processor loaded 2 rules","loader":"processor","ruleCount":2}
2026-05-25T07:53:24.771Z [auto-1779695604771-8nhgx6] [loader-orchestrator] loader-not-available - INFO | {"message":"Loader agents-md-validation not available, skipping","loader":"agents-md-validation"}
2026-05-25T07:53:24.771Z [auto-1779695604771-q3inmk] [loader-orchestrator] load-complete - SUCCESS | {"message":"Loaded 2 rules from 1 loaders (0 failed)","totalRules":2,"successfulLoaders":1,"failedLoaders":0}
2026-05-25T07:53:24.771Z [auto-1779695604771-fdsuv0] [rule-enforcer] async-rules-loaded - SUCCESS | {"message":"Loaded 2 async rules (0 duplicates skipped) from 1 loaders","ruleCount":2,"skippedCount":0,"successfulLoaders":1,"failedLoaders":0}
2026-05-25T07:53:24.771Z [auto-1779695604771-5zpvu3] [loader-orchestrator] loader-not-available - INFO | {"message":"Loader agents-md-validation not available, skipping","loader":"agents-md-validation"}
2026-05-25T07:53:24.771Z [auto-1779695604771-hv7bbl] [loader-orchestrator] load-complete - SUCCESS | {"message":"Loaded 2 rules from 1 loaders (0 failed)","totalRules":2,"successfulLoaders":1,"failedLoaders":0}
2026-05-25T07:53:24.771Z [auto-1779695604771-re8jh7] [rule-enforcer] async-rule-skipped-duplicate - INFO | {"message":"Skipping duplicate rule: processor-validation"}
2026-05-25T07:53:24.771Z [auto-1779695604771-k1dwwl] [rule-enforcer] async-rule-skipped-duplicate - INFO | {"message":"Skipping duplicate rule: processor-health"}
2026-05-25T07:53:24.771Z [auto-1779695604771-7cypfu] [rule-enforcer] async-rules-loaded - SUCCESS | {"message":"Loaded 0 async rules (2 duplicates skipped) from 1 loaders","ruleCount":0,"skippedCount":2,"successfulLoaders":1,"failedLoaders":0}
2026-05-25T07:53:24.771Z [auto-1779695604771-ta1dfp] [rule-executor] execute-start - INFO | {"operation":"write","ruleCount":23,"rules":["context-analysis-integration","memory-optimization","dependency-management","input-validation","tests-required","documentation-required","error-resolution","loop-safety","single-responsibility","test-coverage","security-by-design","continuous-integration","deployment-safety","test-failure-reporting","performance-regression-reporting","security-vulnerability-reporting","multi-agent-ensemble","substrate-externalization","framework-self-validation","emergent-improvement","module-system-consistency","processor-validation","processor-health"]}
2026-05-25T07:53:24.772Z [auto-1779695604772-b33d6z] [rule-executor] execute-complete - SUCCESS | {"operation":"write","passed":true,"errorCount":0,"warningCount":3}
2026-05-25T07:53:48.752Z [auto-1779695628752-gvtn6w] [loader-orchestrator] loader-not-available - INFO | {"message":"Loader codex not available, skipping","loader":"codex"}
2026-05-25T07:53:48.752Z [auto-1779695628752-qx865y] [loader-orchestrator] loader-not-available - INFO | {"message":"Loader codex not available, skipping","loader":"codex"}
2026-05-25T07:53:48.752Z [auto-1779695628752-omcsc2] [loader-orchestrator] loader-not-available - INFO | {"message":"Loader agent-triage not available, skipping","loader":"agent-triage"}
2026-05-25T07:53:48.752Z [auto-1779695628752-tyu5i2] [processor-loader] loaded-processor-rules - SUCCESS | {"message":"Loaded 2 processor rules","ruleCount":2}
2026-05-25T07:53:48.752Z [auto-1779695628752-rv13zw] [loader-orchestrator] loader-success - SUCCESS | {"message":"Loader processor loaded 2 rules","loader":"processor","ruleCount":2}
2026-05-25T07:53:48.752Z [auto-1779695628752-9imh81] [loader-orchestrator] loader-not-available - INFO | {"message":"Loader agent-triage not available, skipping","loader":"agent-triage"}
2026-05-25T07:53:48.752Z [auto-1779695628752-awnrrp] [processor-loader] loaded-processor-rules - SUCCESS | {"message":"Loaded 2 processor rules","ruleCount":2}
2026-05-25T07:53:48.752Z [auto-1779695628752-18lf9t] [loader-orchestrator] loader-success - SUCCESS | {"message":"Loader processor loaded 2 rules","loader":"processor","ruleCount":2}
2026-05-25T07:53:48.752Z [auto-1779695628752-t9o011] [loader-orchestrator] loader-not-available - INFO | {"message":"Loader agents-md-validation not available, skipping","loader":"agents-md-validation"}
2026-05-25T07:53:48.752Z [auto-1779695628752-7ym1kt] [loader-orchestrator] load-complete - SUCCESS | {"message":"Loaded 2 rules from 1 loaders (0 failed)","totalRules":2,"successfulLoaders":1,"failedLoaders":0}
2026-05-25T07:53:48.752Z [auto-1779695628752-n5vwp9] [rule-enforcer] async-rules-loaded - SUCCESS | {"message":"Loaded 2 async rules (0 duplicates skipped) from 1 loaders","ruleCount":2,"skippedCount":0,"successfulLoaders":1,"failedLoaders":0}
2026-05-25T07:53:48.752Z [auto-1779695628752-2obdc4] [loader-orchestrator] loader-not-available - INFO | {"message":"Loader agents-md-validation not available, skipping","loader":"agents-md-validation"}
2026-05-25T07:53:48.752Z [auto-1779695628752-dbctgv] [loader-orchestrator] load-complete - SUCCESS | {"message":"Loaded 2 rules from 1 loaders (0 failed)","totalRules":2,"successfulLoaders":1,"failedLoaders":0}
2026-05-25T07:53:48.752Z [auto-1779695628752-jqqjyt] [rule-enforcer] async-rule-skipped-duplicate - INFO | {"message":"Skipping duplicate rule: processor-validation"}
2026-05-25T07:53:48.752Z [auto-1779695628752-3kzb1t] [rule-enforcer] async-rule-skipped-duplicate - INFO | {"message":"Skipping duplicate rule: processor-health"}
2026-05-25T07:53:48.752Z [auto-1779695628752-qngby9] [rule-enforcer] async-rules-loaded - SUCCESS | {"message":"Loaded 0 async rules (2 duplicates skipped) from 1 loaders","ruleCount":0,"skippedCount":2,"successfulLoaders":1,"failedLoaders":0}
2026-05-25T07:53:48.752Z [auto-1779695628752-320vfv] [rule-executor] execute-start - INFO | {"operation":"todowrite","ruleCount":21,"rules":["context-analysis-integration","memory-optimization","dependency-management","input-validation","error-resolution","loop-safety","single-responsibility","test-coverage","security-by-design","continuous-integration","deployment-safety","test-failure-reporting","performance-regression-reporting","security-vulnerability-reporting","multi-agent-ensemble","substrate-externalization","framework-self-validation","emergent-improvement","module-system-consistency","processor-validation","processor-health"]}
2026-05-25T07:53:48.752Z [auto-1779695628752-ro7rg7] [rule-executor] execute-complete - SUCCESS | {"operation":"todowrite","passed":true,"errorCount":0,"warningCount":3}
2026-05-25T07:54:30.937Z [auto-1779695670937-o6dqm1] [loader-orchestrator] loader-not-available - INFO | {"message":"Loader codex not available, skipping","loader":"codex"}
2026-05-25T07:54:30.938Z [auto-1779695670938-x7cfr0] [loader-orchestrator] loader-not-available - INFO | {"message":"Loader codex not available, skipping","loader":"codex"}
2026-05-25T07:54:30.938Z [auto-1779695670938-i96hce] [loader-orchestrator] loader-not-available - INFO | {"message":"Loader agent-triage not available, skipping","loader":"agent-triage"}
2026-05-25T07:54:30.938Z [auto-1779695670938-70qxka] [processor-loader] loaded-processor-rules - SUCCESS | {"message":"Loaded 2 processor rules","ruleCount":2}
2026-05-25T07:54:30.938Z [auto-1779695670938-tm4e3w] [loader-orchestrator] loader-success - SUCCESS | {"message":"Loader processor loaded 2 rules","loader":"processor","ruleCount":2}
2026-05-25T07:54:30.938Z [auto-1779695670938-68qdcc] [loader-orchestrator] loader-not-available - INFO | {"message":"Loader agent-triage not available, skipping","loader":"agent-triage"}
2026-05-25T07:54:30.938Z [auto-1779695670938-zx0rsv] [processor-loader] loaded-processor-rules - SUCCESS | {"message":"Loaded 2 processor rules","ruleCount":2}
2026-05-25T07:54:30.938Z [auto-1779695670938-m3fzqj] [loader-orchestrator] loader-success - SUCCESS | {"message":"Loader processor loaded 2 rules","loader":"processor","ruleCount":2}
2026-05-25T07:54:30.938Z [auto-1779695670938-wia9f5] [loader-orchestrator] loader-not-available - INFO | {"message":"Loader agents-md-validation not available, skipping","loader":"agents-md-validation"}
2026-05-25T07:54:30.938Z [auto-1779695670938-8vlm6n] [loader-orchestrator] load-complete - SUCCESS | {"message":"Loaded 2 rules from 1 loaders (0 failed)","totalRules":2,"successfulLoaders":1,"failedLoaders":0}
2026-05-25T07:54:30.938Z [auto-1779695670938-ic98i5] [rule-enforcer] async-rules-loaded - SUCCESS | {"message":"Loaded 2 async rules (0 duplicates skipped) from 1 loaders","ruleCount":2,"skippedCount":0,"successfulLoaders":1,"failedLoaders":0}
2026-05-25T07:54:30.938Z [auto-1779695670938-6ufnce] [loader-orchestrator] loader-not-available - INFO | {"message":"Loader agents-md-validation not available, skipping","loader":"agents-md-validation"}
2026-05-25T07:54:30.938Z [auto-1779695670938-m6jeda] [loader-orchestrator] load-complete - SUCCESS | {"message":"Loaded 2 rules from 1 loaders (0 failed)","totalRules":2,"successfulLoaders":1,"failedLoaders":0}
2026-05-25T07:54:30.938Z [auto-1779695670938-2cw2o7] [rule-enforcer] async-rule-skipped-duplicate - INFO | {"message":"Skipping duplicate rule: processor-validation"}
2026-05-25T07:54:30.938Z [auto-1779695670938-6gqmis] [rule-enforcer] async-rule-skipped-duplicate - INFO | {"message":"Skipping duplicate rule: processor-health"}
2026-05-25T07:54:30.938Z [auto-1779695670938-1qjvrl] [rule-enforcer] async-rules-loaded - SUCCESS | {"message":"Loaded 0 async rules (2 duplicates skipped) from 1 loaders","ruleCount":0,"skippedCount":2,"successfulLoaders":1,"failedLoaders":0}
2026-05-25T07:54:30.938Z [auto-1779695670938-7z4yy1] [rule-executor] execute-start - INFO | {"operation":"edit","ruleCount":21,"rules":["context-analysis-integration","memory-optimization","dependency-management","input-validation","error-resolution","loop-safety","single-responsibility","test-coverage","security-by-design","continuous-integration","deployment-safety","test-failure-reporting","performance-regression-reporting","security-vulnerability-reporting","multi-agent-ensemble","substrate-externalization","framework-self-validation","emergent-improvement","module-system-consistency","processor-validation","processor-health"]}
2026-05-25T07:54:30.938Z [auto-1779695670938-2og3fo] [rule-executor] execute-complete - SUCCESS | {"operation":"edit","passed":true,"errorCount":0,"warningCount":3}
2026-05-25T07:54:46.768Z [auto-1779695686768-7n0z72] [loader-orchestrator] loader-not-available - INFO | {"message":"Loader codex not available, skipping","loader":"codex"}
2026-05-25T07:54:46.769Z [auto-1779695686769-58lmjr] [loader-orchestrator] loader-not-available - INFO | {"message":"Loader codex not available, skipping","loader":"codex"}
2026-05-25T07:54:46.770Z [auto-1779695686770-ty6ty3] [loader-orchestrator] loader-not-available - INFO | {"message":"Loader agent-triage not available, skipping","loader":"agent-triage"}
2026-05-25T07:54:46.780Z [auto-1779695686780-1g55lc] [processor-loader] loaded-processor-rules - SUCCESS | {"message":"Loaded 2 processor rules","ruleCount":2}
2026-05-25T07:54:46.781Z [auto-1779695686781-udmsc7] [loader-orchestrator] loader-success - SUCCESS | {"message":"Loader processor loaded 2 rules","loader":"processor","ruleCount":2}
2026-05-25T07:54:46.781Z [auto-1779695686781-o7whtg] [loader-orchestrator] loader-not-available - INFO | {"message":"Loader agent-triage not available, skipping","loader":"agent-triage"}
2026-05-25T07:54:46.781Z [auto-1779695686781-h5dupm] [processor-loader] loaded-processor-rules - SUCCESS | {"message":"Loaded 2 processor rules","ruleCount":2}
2026-05-25T07:54:46.781Z [auto-1779695686781-5jume3] [loader-orchestrator] loader-success - SUCCESS | {"message":"Loader processor loaded 2 rules","loader":"processor","ruleCount":2}
2026-05-25T07:54:46.781Z [auto-1779695686781-zt4hcm] [loader-orchestrator] loader-not-available - INFO | {"message":"Loader agents-md-validation not available, skipping","loader":"agents-md-validation"}
2026-05-25T07:54:46.781Z [auto-1779695686781-eszqh0] [loader-orchestrator] load-complete - SUCCESS | {"message":"Loaded 2 rules from 1 loaders (0 failed)","totalRules":2,"successfulLoaders":1,"failedLoaders":0}
2026-05-25T07:54:46.781Z [auto-1779695686781-ffudsy] [rule-enforcer] async-rules-loaded - SUCCESS | {"message":"Loaded 2 async rules (0 duplicates skipped) from 1 loaders","ruleCount":2,"skippedCount":0,"successfulLoaders":1,"failedLoaders":0}
2026-05-25T07:54:46.781Z [auto-1779695686781-v3bajl] [loader-orchestrator] loader-not-available - INFO | {"message":"Loader agents-md-validation not available, skipping","loader":"agents-md-validation"}
2026-05-25T07:54:46.781Z [auto-1779695686781-4bhw2r] [loader-orchestrator] load-complete - SUCCESS | {"message":"Loaded 2 rules from 1 loaders (0 failed)","totalRules":2,"successfulLoaders":1,"failedLoaders":0}
2026-05-25T07:54:46.781Z [auto-1779695686781-ggqh4x] [rule-enforcer] async-rule-skipped-duplicate - INFO | {"message":"Skipping duplicate rule: processor-validation"}
2026-05-25T07:54:46.781Z [auto-1779695686781-684vmd] [rule-enforcer] async-rule-skipped-duplicate - INFO | {"message":"Skipping duplicate rule: processor-health"}
2026-05-25T07:54:46.781Z [auto-1779695686781-aemwgv] [rule-enforcer] async-rules-loaded - SUCCESS | {"message":"Loaded 0 async rules (2 duplicates skipped) from 1 loaders","ruleCount":0,"skippedCount":2,"successfulLoaders":1,"failedLoaders":0}
2026-05-25T07:54:46.781Z [auto-1779695686781-31l2pr] [rule-executor] execute-start - INFO | {"operation":"edit","ruleCount":21,"rules":["context-analysis-integration","memory-optimization","dependency-management","input-validation","error-resolution","loop-safety","single-responsibility","test-coverage","security-by-design","continuous-integration","deployment-safety","test-failure-reporting","performance-regression-reporting","security-vulnerability-reporting","multi-agent-ensemble","substrate-externalization","framework-self-validation","emergent-improvement","module-system-consistency","processor-validation","processor-health"]}
2026-05-25T07:54:46.781Z [auto-1779695686781-1h75qt] [rule-executor] execute-complete - SUCCESS | {"operation":"edit","passed":true,"errorCount":0,"warningCount":3}
2026-05-25T07:55:45.482Z [auto-1779695745482-6j10v4] [loader-orchestrator] loader-not-available - INFO | {"message":"Loader codex not available, skipping","loader":"codex"}
2026-05-25T07:55:45.482Z [auto-1779695745482-ushrju] [loader-orchestrator] loader-not-available - INFO | {"message":"Loader codex not available, skipping","loader":"codex"}
2026-05-25T07:55:45.482Z [auto-1779695745482-9mqoc8] [loader-orchestrator] loader-not-available - INFO | {"message":"Loader codex not available, skipping","loader":"codex"}
2026-05-25T07:55:45.482Z [auto-1779695745482-q5q6rk] [loader-orchestrator] loader-not-available - INFO | {"message":"Loader agent-triage not available, skipping","loader":"agent-triage"}
2026-05-25T07:55:45.483Z [auto-1779695745483-z0ib47] [processor-loader] loaded-processor-rules - SUCCESS | {"message":"Loaded 2 processor rules","ruleCount":2}
2026-05-25T07:55:45.483Z [auto-1779695745483-5ynwdj] [loader-orchestrator] loader-success - SUCCESS | {"message":"Loader processor loaded 2 rules","loader":"processor","ruleCount":2}
2026-05-25T07:55:45.483Z [auto-1779695745483-4uhaw3] [loader-orchestrator] loader-not-available - INFO | {"message":"Loader agent-triage not available, skipping","loader":"agent-triage"}
2026-05-25T07:55:45.483Z [auto-1779695745483-youq2m] [processor-loader] loaded-processor-rules - SUCCESS | {"message":"Loaded 2 processor rules","ruleCount":2}
2026-05-25T07:55:45.483Z [auto-1779695745483-jdd0xc] [loader-orchestrator] loader-success - SUCCESS | {"message":"Loader processor loaded 2 rules","loader":"processor","ruleCount":2}
2026-05-25T07:55:45.483Z [auto-1779695745483-iausi4] [loader-orchestrator] loader-not-available - INFO | {"message":"Loader agent-triage not available, skipping","loader":"agent-triage"}
2026-05-25T07:55:45.483Z [auto-1779695745483-3yj6hj] [processor-loader] loaded-processor-rules - SUCCESS | {"message":"Loaded 2 processor rules","ruleCount":2}
2026-05-25T07:55:45.483Z [auto-1779695745483-9tqxwb] [loader-orchestrator] loader-success - SUCCESS | {"message":"Loader processor loaded 2 rules","loader":"processor","ruleCount":2}
2026-05-25T07:55:45.483Z [auto-1779695745483-0o17wb] [loader-orchestrator] loader-not-available - INFO | {"message":"Loader agents-md-validation not available, skipping","loader":"agents-md-validation"}
2026-05-25T07:55:45.483Z [auto-1779695745483-p9bm1a] [loader-orchestrator] load-complete - SUCCESS | {"message":"Loaded 2 rules from 1 loaders (0 failed)","totalRules":2,"successfulLoaders":1,"failedLoaders":0}
2026-05-25T07:55:45.483Z [auto-1779695745483-ky5iqj] [rule-enforcer] async-rules-loaded - SUCCESS | {"message":"Loaded 2 async rules (0 duplicates skipped) from 1 loaders","ruleCount":2,"skippedCount":0,"successfulLoaders":1,"failedLoaders":0}
2026-05-25T07:55:45.483Z [auto-1779695745483-q1s62q] [loader-orchestrator] loader-not-available - INFO | {"message":"Loader agents-md-validation not available, skipping","loader":"agents-md-validation"}
2026-05-25T07:55:45.483Z [auto-1779695745483-zwds83] [loader-orchestrator] load-complete - SUCCESS | {"message":"Loaded 2 rules from 1 loaders (0 failed)","totalRules":2,"successfulLoaders":1,"failedLoaders":0}
2026-05-25T07:55:45.483Z [auto-1779695745483-sw5eaw] [rule-enforcer] async-rules-loaded - SUCCESS | {"message":"Loaded 2 async rules (0 duplicates skipped) from 1 loaders","ruleCount":2,"skippedCount":0,"successfulLoaders":1,"failedLoaders":0}
2026-05-25T07:55:45.483Z [auto-1779695745483-de2qxo] [loader-orchestrator] loader-not-available - INFO | {"message":"Loader agents-md-validation not available, skipping","loader":"agents-md-validation"}
2026-05-25T07:55:45.483Z [auto-1779695745483-wbczpq] [loader-orchestrator] load-complete - SUCCESS | {"message":"Loaded 2 rules from 1 loaders (0 failed)","totalRules":2,"successfulLoaders":1,"failedLoaders":0}
2026-05-25T07:55:45.483Z [auto-1779695745483-v3if7x] [rule-enforcer] async-rule-skipped-duplicate - INFO | {"message":"Skipping duplicate rule: processor-validation"}
2026-05-25T07:55:45.483Z [auto-1779695745483-z0cdh7] [rule-enforcer] async-rule-skipped-duplicate - INFO | {"message":"Skipping duplicate rule: processor-health"}
2026-05-25T07:55:45.483Z [auto-1779695745483-3qlb2t] [rule-enforcer] async-rules-loaded - SUCCESS | {"message":"Loaded 0 async rules (2 duplicates skipped) from 1 loaders","ruleCount":0,"skippedCount":2,"successfulLoaders":1,"failedLoaders":0}
2026-05-25T07:55:45.484Z [auto-1779695745484-48li2o] [rule-executor] execute-start - INFO | {"operation":"read","ruleCount":21,"rules":["context-analysis-integration","memory-optimization","dependency-management","input-validation","error-resolution","loop-safety","single-responsibility","test-coverage","security-by-design","continuous-integration","deployment-safety","test-failure-reporting","performance-regression-reporting","security-vulnerability-reporting","multi-agent-ensemble","substrate-externalization","framework-self-validation","emergent-improvement","module-system-consistency","processor-validation","processor-health"]}
2026-05-25T07:55:45.487Z [auto-1779695745487-sf7ypi] [rule-executor] execute-complete - SUCCESS | {"operation":"read","passed":true,"errorCount":0,"warningCount":3}
2026-05-25T07:55:46.136Z [auto-1779695746136-ju5l13] [loader-orchestrator] loader-not-available - INFO | {"message":"Loader codex not available, skipping","loader":"codex"}
2026-05-25T07:55:46.136Z [auto-1779695746136-3fcicq] [loader-orchestrator] loader-not-available - INFO | {"message":"Loader codex not available, skipping","loader":"codex"}
2026-05-25T07:55:46.136Z [auto-1779695746136-5v7rcc] [loader-orchestrator] loader-not-available - INFO | {"message":"Loader agent-triage not available, skipping","loader":"agent-triage"}
2026-05-25T07:55:46.149Z [auto-1779695746149-smucmv] [processor-loader] loaded-processor-rules - SUCCESS | {"message":"Loaded 2 processor rules","ruleCount":2}
2026-05-25T07:55:46.149Z [auto-1779695746149-nli6sd] [loader-orchestrator] loader-success - SUCCESS | {"message":"Loader processor loaded 2 rules","loader":"processor","ruleCount":2}
2026-05-25T07:55:46.150Z [auto-1779695746150-y4w3td] [loader-orchestrator] loader-not-available - INFO | {"message":"Loader agent-triage not available, skipping","loader":"agent-triage"}
2026-05-25T07:55:46.150Z [auto-1779695746150-xr9fu6] [processor-loader] loaded-processor-rules - SUCCESS | {"message":"Loaded 2 processor rules","ruleCount":2}
2026-05-25T07:55:46.150Z [auto-1779695746150-kr1k4c] [loader-orchestrator] loader-success - SUCCESS | {"message":"Loader processor loaded 2 rules","loader":"processor","ruleCount":2}
2026-05-25T07:55:46.170Z [auto-1779695746170-h8onlh] [loader-orchestrator] loader-not-available - INFO | {"message":"Loader agents-md-validation not available, skipping","loader":"agents-md-validation"}
2026-05-25T07:55:46.170Z [auto-1779695746170-nw943s] [loader-orchestrator] load-complete - SUCCESS | {"message":"Loaded 2 rules from 1 loaders (0 failed)","totalRules":2,"successfulLoaders":1,"failedLoaders":0}
2026-05-25T07:55:46.170Z [auto-1779695746170-tb4k93] [rule-enforcer] async-rules-loaded - SUCCESS | {"message":"Loaded 2 async rules (0 duplicates skipped) from 1 loaders","ruleCount":2,"skippedCount":0,"successfulLoaders":1,"failedLoaders":0}
2026-05-25T07:55:46.170Z [auto-1779695746170-er5ly2] [rule-executor] execute-start - INFO | {"operation":"grep","ruleCount":21,"rules":["context-analysis-integration","memory-optimization","dependency-management","input-validation","error-resolution","loop-safety","single-responsibility","test-coverage","security-by-design","continuous-integration","deployment-safety","test-failure-reporting","performance-regression-reporting","security-vulnerability-reporting","multi-agent-ensemble","substrate-externalization","framework-self-validation","emergent-improvement","module-system-consistency","processor-validation","processor-health"]}
2026-05-25T07:55:46.171Z [auto-1779695746171-tbfbzw] [rule-executor] execute-complete - SUCCESS | {"operation":"grep","passed":true,"errorCount":0,"warningCount":3}
2026-05-25T07:55:46.173Z [auto-1779695746173-1nnj0p] [loader-orchestrator] loader-not-available - INFO | {"message":"Loader agents-md-validation not available, skipping","loader":"agents-md-validation"}
2026-05-25T07:55:46.173Z [auto-1779695746173-39rs2m] [loader-orchestrator] load-complete - SUCCESS | {"message":"Loaded 2 rules from 1 loaders (0 failed)","totalRules":2,"successfulLoaders":1,"failedLoaders":0}
2026-05-25T07:55:46.173Z [auto-1779695746173-olpmui] [rule-enforcer] async-rule-skipped-duplicate - INFO | {"message":"Skipping duplicate rule: processor-validation"}
2026-05-25T07:55:46.173Z [auto-1779695746173-h5mrpg] [rule-enforcer] async-rule-skipped-duplicate - INFO | {"message":"Skipping duplicate rule: processor-health"}
2026-05-25T07:55:46.173Z [auto-1779695746173-wg4395] [rule-enforcer] async-rules-loaded - SUCCESS | {"message":"Loaded 0 async rules (2 duplicates skipped) from 1 loaders","ruleCount":0,"skippedCount":2,"successfulLoaders":1,"failedLoaders":0}
2026-05-25T07:55:46.840Z [auto-1779695746840-7fgnih] [loader-orchestrator] loader-not-available - INFO | {"message":"Loader codex not available, skipping","loader":"codex"}
2026-05-25T07:55:46.840Z [auto-1779695746840-r90yeh] [loader-orchestrator] loader-not-available - INFO | {"message":"Loader codex not available, skipping","loader":"codex"}
2026-05-25T07:55:46.841Z [auto-1779695746841-9eg3rq] [loader-orchestrator] loader-not-available - INFO | {"message":"Loader agent-triage not available, skipping","loader":"agent-triage"}
2026-05-25T07:55:46.841Z [auto-1779695746841-h3jwxm] [processor-loader] loaded-processor-rules - SUCCESS | {"message":"Loaded 2 processor rules","ruleCount":2}
2026-05-25T07:55:46.841Z [auto-1779695746841-z6on1a] [loader-orchestrator] loader-success - SUCCESS | {"message":"Loader processor loaded 2 rules","loader":"processor","ruleCount":2}
2026-05-25T07:55:46.841Z [auto-1779695746841-k0j63n] [loader-orchestrator] loader-not-available - INFO | {"message":"Loader agent-triage not available, skipping","loader":"agent-triage"}
2026-05-25T07:55:46.841Z [auto-1779695746841-0c62j4] [processor-loader] loaded-processor-rules - SUCCESS | {"message":"Loaded 2 processor rules","ruleCount":2}
2026-05-25T07:55:46.841Z [auto-1779695746841-ugvjy1] [loader-orchestrator] loader-success - SUCCESS | {"message":"Loader processor loaded 2 rules","loader":"processor","ruleCount":2}
2026-05-25T07:55:46.841Z [auto-1779695746841-2154xo] [loader-orchestrator] loader-not-available - INFO | {"message":"Loader agents-md-validation not available, skipping","loader":"agents-md-validation"}
2026-05-25T07:55:46.841Z [auto-1779695746841-01o11v] [loader-orchestrator] load-complete - SUCCESS | {"message":"Loaded 2 rules from 1 loaders (0 failed)","totalRules":2,"successfulLoaders":1,"failedLoaders":0}
2026-05-25T07:55:46.841Z [auto-1779695746841-us3b7x] [rule-enforcer] async-rules-loaded - SUCCESS | {"message":"Loaded 2 async rules (0 duplicates skipped) from 1 loaders","ruleCount":2,"skippedCount":0,"successfulLoaders":1,"failedLoaders":0}
2026-05-25T07:55:46.841Z [auto-1779695746841-1niq61] [rule-executor] execute-start - INFO | {"operation":"grep","ruleCount":21,"rules":["context-analysis-integration","memory-optimization","dependency-management","input-validation","error-resolution","loop-safety","single-responsibility","test-coverage","security-by-design","continuous-integration","deployment-safety","test-failure-reporting","performance-regression-reporting","security-vulnerability-reporting","multi-agent-ensemble","substrate-externalization","framework-self-validation","emergent-improvement","module-system-consistency","processor-validation","processor-health"]}
2026-05-25T07:55:46.841Z [auto-1779695746841-p91emp] [rule-executor] execute-complete - SUCCESS | {"operation":"grep","passed":true,"errorCount":0,"warningCount":3}
2026-05-25T07:55:46.842Z [auto-1779695746842-95no4e] [loader-orchestrator] loader-not-available - INFO | {"message":"Loader agents-md-validation not available, skipping","loader":"agents-md-validation"}
2026-05-25T07:55:46.842Z [auto-1779695746842-z6pp3x] [loader-orchestrator] load-complete - SUCCESS | {"message":"Loaded 2 rules from 1 loaders (0 failed)","totalRules":2,"successfulLoaders":1,"failedLoaders":0}
2026-05-25T07:55:46.842Z [auto-1779695746842-iyib4x] [rule-enforcer] async-rule-skipped-duplicate - INFO | {"message":"Skipping duplicate rule: processor-validation"}
2026-05-25T07:55:46.842Z [auto-1779695746842-yivpgv] [rule-enforcer] async-rule-skipped-duplicate - INFO | {"message":"Skipping duplicate rule: processor-health"}
2026-05-25T07:55:46.842Z [auto-1779695746842-yvh3m8] [rule-enforcer] async-rules-loaded - SUCCESS | {"message":"Loaded 0 async rules (2 duplicates skipped) from 1 loaders","ruleCount":0,"skippedCount":2,"successfulLoaders":1,"failedLoaders":0}
2026-05-25T07:56:10.409Z [auto-1779695770409-s6conp] [loader-orchestrator] loader-not-available - INFO | {"message":"Loader codex not available, skipping","loader":"codex"}
2026-05-25T07:56:10.409Z [auto-1779695770409-jmilko] [loader-orchestrator] loader-not-available - INFO | {"message":"Loader codex not available, skipping","loader":"codex"}
2026-05-25T07:56:10.409Z [auto-1779695770409-j60xnm] [loader-orchestrator] loader-not-available - INFO | {"message":"Loader agent-triage not available, skipping","loader":"agent-triage"}
2026-05-25T07:56:10.409Z [auto-1779695770409-5z7g39] [processor-loader] loaded-processor-rules - SUCCESS | {"message":"Loaded 2 processor rules","ruleCount":2}
2026-05-25T07:56:10.409Z [auto-1779695770409-hxjtf4] [loader-orchestrator] loader-success - SUCCESS | {"message":"Loader processor loaded 2 rules","loader":"processor","ruleCount":2}
2026-05-25T07:56:10.409Z [auto-1779695770409-r7jlfj] [loader-orchestrator] loader-not-available - INFO | {"message":"Loader agent-triage not available, skipping","loader":"agent-triage"}
2026-05-25T07:56:10.409Z [auto-1779695770409-9nfr0x] [processor-loader] loaded-processor-rules - SUCCESS | {"message":"Loaded 2 processor rules","ruleCount":2}
2026-05-25T07:56:10.409Z [auto-1779695770409-j0p43p] [loader-orchestrator] loader-success - SUCCESS | {"message":"Loader processor loaded 2 rules","loader":"processor","ruleCount":2}
2026-05-25T07:56:10.409Z [auto-1779695770409-gjqii4] [loader-orchestrator] loader-not-available - INFO | {"message":"Loader agents-md-validation not available, skipping","loader":"agents-md-validation"}
2026-05-25T07:56:10.409Z [auto-1779695770409-sousxt] [loader-orchestrator] load-complete - SUCCESS | {"message":"Loaded 2 rules from 1 loaders (0 failed)","totalRules":2,"successfulLoaders":1,"failedLoaders":0}
2026-05-25T07:56:10.409Z [auto-1779695770409-tsovk2] [rule-enforcer] async-rules-loaded - SUCCESS | {"message":"Loaded 2 async rules (0 duplicates skipped) from 1 loaders","ruleCount":2,"skippedCount":0,"successfulLoaders":1,"failedLoaders":0}
2026-05-25T07:56:10.409Z [auto-1779695770409-0seh8u] [loader-orchestrator] loader-not-available - INFO | {"message":"Loader agents-md-validation not available, skipping","loader":"agents-md-validation"}
2026-05-25T07:56:10.409Z [auto-1779695770409-b7zdti] [loader-orchestrator] load-complete - SUCCESS | {"message":"Loaded 2 rules from 1 loaders (0 failed)","totalRules":2,"successfulLoaders":1,"failedLoaders":0}
2026-05-25T07:56:10.409Z [auto-1779695770409-vnp3m0] [rule-enforcer] async-rule-skipped-duplicate - INFO | {"message":"Skipping duplicate rule: processor-validation"}
2026-05-25T07:56:10.409Z [auto-1779695770409-45g3jr] [rule-enforcer] async-rule-skipped-duplicate - INFO | {"message":"Skipping duplicate rule: processor-health"}
2026-05-25T07:56:10.409Z [auto-1779695770409-k6evcq] [rule-enforcer] async-rules-loaded - SUCCESS | {"message":"Loaded 0 async rules (2 duplicates skipped) from 1 loaders","ruleCount":0,"skippedCount":2,"successfulLoaders":1,"failedLoaders":0}
2026-05-25T07:56:10.409Z [auto-1779695770409-tvxpux] [rule-executor] execute-start - INFO | {"operation":"read","ruleCount":21,"rules":["context-analysis-integration","memory-optimization","dependency-management","input-validation","error-resolution","loop-safety","single-responsibility","test-coverage","security-by-design","continuous-integration","deployment-safety","test-failure-reporting","performance-regression-reporting","security-vulnerability-reporting","multi-agent-ensemble","substrate-externalization","framework-self-validation","emergent-improvement","module-system-consistency","processor-validation","processor-health"]}
2026-05-25T07:56:10.410Z [auto-1779695770410-xfvk9m] [rule-executor] execute-complete - SUCCESS | {"operation":"read","passed":true,"errorCount":0,"warningCount":3}
2026-05-25T07:56:11.196Z [auto-1779695771196-mjejb0] [loader-orchestrator] loader-not-available - INFO | {"message":"Loader codex not available, skipping","loader":"codex"}
2026-05-25T07:56:11.196Z [auto-1779695771196-z4zegh] [loader-orchestrator] loader-not-available - INFO | {"message":"Loader codex not available, skipping","loader":"codex"}
2026-05-25T07:56:11.197Z [auto-1779695771197-48uond] [loader-orchestrator] loader-not-available - INFO | {"message":"Loader agent-triage not available, skipping","loader":"agent-triage"}
2026-05-25T07:56:11.197Z [auto-1779695771197-64csmu] [processor-loader] loaded-processor-rules - SUCCESS | {"message":"Loaded 2 processor rules","ruleCount":2}
2026-05-25T07:56:11.197Z [auto-1779695771197-5l1nu4] [loader-orchestrator] loader-success - SUCCESS | {"message":"Loader processor loaded 2 rules","loader":"processor","ruleCount":2}
2026-05-25T07:56:11.197Z [auto-1779695771197-oe5wri] [loader-orchestrator] loader-not-available - INFO | {"message":"Loader agent-triage not available, skipping","loader":"agent-triage"}
2026-05-25T07:56:11.197Z [auto-1779695771197-cspf0c] [processor-loader] loaded-processor-rules - SUCCESS | {"message":"Loaded 2 processor rules","ruleCount":2}
2026-05-25T07:56:11.197Z [auto-1779695771197-1l3moc] [loader-orchestrator] loader-success - SUCCESS | {"message":"Loader processor loaded 2 rules","loader":"processor","ruleCount":2}
2026-05-25T07:56:11.197Z [auto-1779695771197-u1np42] [loader-orchestrator] loader-not-available - INFO | {"message":"Loader agents-md-validation not available, skipping","loader":"agents-md-validation"}
2026-05-25T07:56:11.197Z [auto-1779695771197-v7dcdm] [loader-orchestrator] load-complete - SUCCESS | {"message":"Loaded 2 rules from 1 loaders (0 failed)","totalRules":2,"successfulLoaders":1,"failedLoaders":0}
2026-05-25T07:56:11.197Z [auto-1779695771197-o93vqu] [rule-enforcer] async-rules-loaded - SUCCESS | {"message":"Loaded 2 async rules (0 duplicates skipped) from 1 loaders","ruleCount":2,"skippedCount":0,"successfulLoaders":1,"failedLoaders":0}
2026-05-25T07:56:11.197Z [auto-1779695771197-do7g0b] [loader-orchestrator] loader-not-available - INFO | {"message":"Loader agents-md-validation not available, skipping","loader":"agents-md-validation"}
2026-05-25T07:56:11.197Z [auto-1779695771197-7m5hkb] [loader-orchestrator] load-complete - SUCCESS | {"message":"Loaded 2 rules from 1 loaders (0 failed)","totalRules":2,"successfulLoaders":1,"failedLoaders":0}
2026-05-25T07:56:11.197Z [auto-1779695771197-9x0lu9] [rule-enforcer] async-rule-skipped-duplicate - INFO | {"message":"Skipping duplicate rule: processor-validation"}
2026-05-25T07:56:11.197Z [auto-1779695771197-ya3gjp] [rule-enforcer] async-rule-skipped-duplicate - INFO | {"message":"Skipping duplicate rule: processor-health"}
2026-05-25T07:56:11.197Z [auto-1779695771197-2hdcs0] [rule-enforcer] async-rules-loaded - SUCCESS | {"message":"Loaded 0 async rules (2 duplicates skipped) from 1 loaders","ruleCount":0,"skippedCount":2,"successfulLoaders":1,"failedLoaders":0}
2026-05-25T07:56:11.197Z [auto-1779695771197-1o66b4] [rule-executor] execute-start - INFO | {"operation":"grep","ruleCount":21,"rules":["context-analysis-integration","memory-optimization","dependency-management","input-validation","error-resolution","loop-safety","single-responsibility","test-coverage","security-by-design","continuous-integration","deployment-safety","test-failure-reporting","performance-regression-reporting","security-vulnerability-reporting","multi-agent-ensemble","substrate-externalization","framework-self-validation","emergent-improvement","module-system-consistency","processor-validation","processor-health"]}
2026-05-25T07:56:11.197Z [auto-1779695771197-8cyj3z] [rule-executor] execute-complete - SUCCESS | {"operation":"grep","passed":true,"errorCount":0,"warningCount":3}
2026-05-25T07:56:23.768Z [auto-1779695783768-83jgn5] [loader-orchestrator] loader-not-available - INFO | {"message":"Loader codex not available, skipping","loader":"codex"}
2026-05-25T07:56:23.768Z [auto-1779695783768-e96cnk] [loader-orchestrator] loader-not-available - INFO | {"message":"Loader codex not available, skipping","loader":"codex"}
2026-05-25T07:56:23.769Z [auto-1779695783769-r3wv7t] [loader-orchestrator] loader-not-available - INFO | {"message":"Loader agent-triage not available, skipping","loader":"agent-triage"}
2026-05-25T07:56:23.769Z [auto-1779695783769-781tb0] [processor-loader] loaded-processor-rules - SUCCESS | {"message":"Loaded 2 processor rules","ruleCount":2}
2026-05-25T07:56:23.769Z [auto-1779695783769-xi0rxa] [loader-orchestrator] loader-success - SUCCESS | {"message":"Loader processor loaded 2 rules","loader":"processor","ruleCount":2}
2026-05-25T07:56:23.769Z [auto-1779695783769-l00f8k] [loader-orchestrator] loader-not-available - INFO | {"message":"Loader agent-triage not available, skipping","loader":"agent-triage"}
2026-05-25T07:56:23.769Z [auto-1779695783769-wkm2mo] [processor-loader] loaded-processor-rules - SUCCESS | {"message":"Loaded 2 processor rules","ruleCount":2}
2026-05-25T07:56:23.769Z [auto-1779695783769-lkd8e9] [loader-orchestrator] loader-success - SUCCESS | {"message":"Loader processor loaded 2 rules","loader":"processor","ruleCount":2}
2026-05-25T07:56:23.769Z [auto-1779695783769-hvrkow] [loader-orchestrator] loader-not-available - INFO | {"message":"Loader agents-md-validation not available, skipping","loader":"agents-md-validation"}
2026-05-25T07:56:23.769Z [auto-1779695783769-41ltyi] [loader-orchestrator] load-complete - SUCCESS | {"message":"Loaded 2 rules from 1 loaders (0 failed)","totalRules":2,"successfulLoaders":1,"failedLoaders":0}
2026-05-25T07:56:23.769Z [auto-1779695783769-yp27ni] [rule-enforcer] async-rules-loaded - SUCCESS | {"message":"Loaded 2 async rules (0 duplicates skipped) from 1 loaders","ruleCount":2,"skippedCount":0,"successfulLoaders":1,"failedLoaders":0}
2026-05-25T07:56:23.769Z [auto-1779695783769-7rqol3] [rule-executor] execute-start - INFO | {"operation":"read","ruleCount":21,"rules":["context-analysis-integration","memory-optimization","dependency-management","input-validation","error-resolution","loop-safety","single-responsibility","test-coverage","security-by-design","continuous-integration","deployment-safety","test-failure-reporting","performance-regression-reporting","security-vulnerability-reporting","multi-agent-ensemble","substrate-externalization","framework-self-validation","emergent-improvement","module-system-consistency","processor-validation","processor-health"]}
2026-05-25T07:56:23.769Z [auto-1779695783769-g7cjk6] [rule-executor] execute-complete - SUCCESS | {"operation":"read","passed":true,"errorCount":0,"warningCount":3}
2026-05-25T07:56:23.770Z [auto-1779695783770-vhfgvf] [loader-orchestrator] loader-not-available - INFO | {"message":"Loader agents-md-validation not available, skipping","loader":"agents-md-validation"}
2026-05-25T07:56:23.770Z [auto-1779695783770-16hx2t] [loader-orchestrator] load-complete - SUCCESS | {"message":"Loaded 2 rules from 1 loaders (0 failed)","totalRules":2,"successfulLoaders":1,"failedLoaders":0}
2026-05-25T07:56:23.770Z [auto-1779695783770-qpdo4x] [rule-enforcer] async-rule-skipped-duplicate - INFO | {"message":"Skipping duplicate rule: processor-validation"}
2026-05-25T07:56:23.770Z [auto-1779695783770-dzo3zf] [rule-enforcer] async-rule-skipped-duplicate - INFO | {"message":"Skipping duplicate rule: processor-health"}
2026-05-25T07:56:23.770Z [auto-1779695783770-u5cyb8] [rule-enforcer] async-rules-loaded - SUCCESS | {"message":"Loaded 0 async rules (2 duplicates skipped) from 1 loaders","ruleCount":0,"skippedCount":2,"successfulLoaders":1,"failedLoaders":0}
2026-05-25T07:56:31.294Z [auto-1779695791294-gr4f36] [loader-orchestrator] loader-not-available - INFO | {"message":"Loader codex not available, skipping","loader":"codex"}
2026-05-25T07:56:31.294Z [auto-1779695791294-1u7frc] [loader-orchestrator] loader-not-available - INFO | {"message":"Loader codex not available, skipping","loader":"codex"}
2026-05-25T07:56:31.294Z [auto-1779695791294-5gm9wn] [loader-orchestrator] loader-not-available - INFO | {"message":"Loader agent-triage not available, skipping","loader":"agent-triage"}
2026-05-25T07:56:31.294Z [auto-1779695791294-7nkeml] [processor-loader] loaded-processor-rules - SUCCESS | {"message":"Loaded 2 processor rules","ruleCount":2}
2026-05-25T07:56:31.294Z [auto-1779695791294-nnqgba] [loader-orchestrator] loader-success - SUCCESS | {"message":"Loader processor loaded 2 rules","loader":"processor","ruleCount":2}
2026-05-25T07:56:31.294Z [auto-1779695791294-kifqo8] [loader-orchestrator] loader-not-available - INFO | {"message":"Loader agent-triage not available, skipping","loader":"agent-triage"}
2026-05-25T07:56:31.294Z [auto-1779695791294-guicrs] [processor-loader] loaded-processor-rules - SUCCESS | {"message":"Loaded 2 processor rules","ruleCount":2}
2026-05-25T07:56:31.294Z [auto-1779695791294-i5qwrd] [loader-orchestrator] loader-success - SUCCESS | {"message":"Loader processor loaded 2 rules","loader":"processor","ruleCount":2}
2026-05-25T07:56:31.294Z [auto-1779695791294-xxtf9d] [loader-orchestrator] loader-not-available - INFO | {"message":"Loader agents-md-validation not available, skipping","loader":"agents-md-validation"}
2026-05-25T07:56:31.294Z [auto-1779695791294-rxctwe] [loader-orchestrator] load-complete - SUCCESS | {"message":"Loaded 2 rules from 1 loaders (0 failed)","totalRules":2,"successfulLoaders":1,"failedLoaders":0}
2026-05-25T07:56:31.294Z [auto-1779695791294-cw6wj7] [rule-enforcer] async-rules-loaded - SUCCESS | {"message":"Loaded 2 async rules (0 duplicates skipped) from 1 loaders","ruleCount":2,"skippedCount":0,"successfulLoaders":1,"failedLoaders":0}
2026-05-25T07:56:31.294Z [auto-1779695791294-et8sr9] [loader-orchestrator] loader-not-available - INFO | {"message":"Loader agents-md-validation not available, skipping","loader":"agents-md-validation"}
2026-05-25T07:56:31.294Z [auto-1779695791294-3szjhv] [loader-orchestrator] load-complete - SUCCESS | {"message":"Loaded 2 rules from 1 loaders (0 failed)","totalRules":2,"successfulLoaders":1,"failedLoaders":0}
2026-05-25T07:56:31.294Z [auto-1779695791294-635rjq] [rule-enforcer] async-rule-skipped-duplicate - INFO | {"message":"Skipping duplicate rule: processor-validation"}
2026-05-25T07:56:31.294Z [auto-1779695791294-cgl8in] [rule-enforcer] async-rule-skipped-duplicate - INFO | {"message":"Skipping duplicate rule: processor-health"}
2026-05-25T07:56:31.294Z [auto-1779695791294-5hs2kc] [rule-enforcer] async-rules-loaded - SUCCESS | {"message":"Loaded 0 async rules (2 duplicates skipped) from 1 loaders","ruleCount":0,"skippedCount":2,"successfulLoaders":1,"failedLoaders":0}
2026-05-25T07:56:31.294Z [auto-1779695791294-t1tj1v] [rule-executor] execute-start - INFO | {"operation":"read","ruleCount":21,"rules":["context-analysis-integration","memory-optimization","dependency-management","input-validation","error-resolution","loop-safety","single-responsibility","test-coverage","security-by-design","continuous-integration","deployment-safety","test-failure-reporting","performance-regression-reporting","security-vulnerability-reporting","multi-agent-ensemble","substrate-externalization","framework-self-validation","emergent-improvement","module-system-consistency","processor-validation","processor-health"]}
2026-05-25T07:56:31.294Z [auto-1779695791294-xbpnvt] [rule-executor] execute-complete - SUCCESS | {"operation":"read","passed":true,"errorCount":0,"warningCount":3}
2026-05-25T07:56:52.263Z [auto-1779695812263-xxzhwh] [loader-orchestrator] loader-not-available - INFO | {"message":"Loader codex not available, skipping","loader":"codex"}
2026-05-25T07:56:52.263Z [auto-1779695812263-xynf95] [loader-orchestrator] loader-not-available - INFO | {"message":"Loader codex not available, skipping","loader":"codex"}
2026-05-25T07:56:52.263Z [auto-1779695812263-fbbxhd] [loader-orchestrator] loader-not-available - INFO | {"message":"Loader agent-triage not available, skipping","loader":"agent-triage"}
2026-05-25T07:56:52.263Z [auto-1779695812263-wosjye] [processor-loader] loaded-processor-rules - SUCCESS | {"message":"Loaded 2 processor rules","ruleCount":2}
2026-05-25T07:56:52.263Z [auto-1779695812263-hosmxy] [loader-orchestrator] loader-success - SUCCESS | {"message":"Loader processor loaded 2 rules","loader":"processor","ruleCount":2}
2026-05-25T07:56:52.263Z [auto-1779695812263-kt32ja] [loader-orchestrator] loader-not-available - INFO | {"message":"Loader agent-triage not available, skipping","loader":"agent-triage"}
2026-05-25T07:56:52.263Z [auto-1779695812263-kk1taq] [processor-loader] loaded-processor-rules - SUCCESS | {"message":"Loaded 2 processor rules","ruleCount":2}
2026-05-25T07:56:52.263Z [auto-1779695812263-d4hfyq] [loader-orchestrator] loader-success - SUCCESS | {"message":"Loader processor loaded 2 rules","loader":"processor","ruleCount":2}
2026-05-25T07:56:52.263Z [auto-1779695812263-ix0anm] [loader-orchestrator] loader-not-available - INFO | {"message":"Loader agents-md-validation not available, skipping","loader":"agents-md-validation"}
2026-05-25T07:56:52.263Z [auto-1779695812263-kx72v9] [loader-orchestrator] load-complete - SUCCESS | {"message":"Loaded 2 rules from 1 loaders (0 failed)","totalRules":2,"successfulLoaders":1,"failedLoaders":0}
2026-05-25T07:56:52.264Z [auto-1779695812264-x5sw2j] [rule-enforcer] async-rules-loaded - SUCCESS | {"message":"Loaded 2 async rules (0 duplicates skipped) from 1 loaders","ruleCount":2,"skippedCount":0,"successfulLoaders":1,"failedLoaders":0}
2026-05-25T07:56:52.264Z [auto-1779695812264-uga0yb] [loader-orchestrator] loader-not-available - INFO | {"message":"Loader agents-md-validation not available, skipping","loader":"agents-md-validation"}
2026-05-25T07:56:52.264Z [auto-1779695812264-73negh] [loader-orchestrator] load-complete - SUCCESS | {"message":"Loaded 2 rules from 1 loaders (0 failed)","totalRules":2,"successfulLoaders":1,"failedLoaders":0}
2026-05-25T07:56:52.264Z [auto-1779695812264-tvlil9] [rule-enforcer] async-rule-skipped-duplicate - INFO | {"message":"Skipping duplicate rule: processor-validation"}
2026-05-25T07:56:52.264Z [auto-1779695812264-yvwo36] [rule-enforcer] async-rule-skipped-duplicate - INFO | {"message":"Skipping duplicate rule: processor-health"}
2026-05-25T07:56:52.264Z [auto-1779695812264-e9kd0m] [rule-enforcer] async-rules-loaded - SUCCESS | {"message":"Loaded 0 async rules (2 duplicates skipped) from 1 loaders","ruleCount":0,"skippedCount":2,"successfulLoaders":1,"failedLoaders":0}
2026-05-25T07:56:52.264Z [auto-1779695812264-rxwhpp] [rule-executor] execute-start - INFO | {"operation":"todowrite","ruleCount":21,"rules":["context-analysis-integration","memory-optimization","dependency-management","input-validation","error-resolution","loop-safety","single-responsibility","test-coverage","security-by-design","continuous-integration","deployment-safety","test-failure-reporting","performance-regression-reporting","security-vulnerability-reporting","multi-agent-ensemble","substrate-externalization","framework-self-validation","emergent-improvement","module-system-consistency","processor-validation","processor-health"]}
2026-05-25T07:56:52.265Z [auto-1779695812265-95rf7y] [rule-executor] execute-complete - SUCCESS | {"operation":"todowrite","passed":true,"errorCount":0,"warningCount":3}
2026-05-25T07:57:07.841Z [auto-1779695827841-ls6gfj] [loader-orchestrator] loader-not-available - INFO | {"message":"Loader codex not available, skipping","loader":"codex"}
2026-05-25T07:57:07.841Z [auto-1779695827841-ml8bta] [loader-orchestrator] loader-not-available - INFO | {"message":"Loader codex not available, skipping","loader":"codex"}
2026-05-25T07:57:07.841Z [auto-1779695827841-wg60jc] [loader-orchestrator] loader-not-available - INFO | {"message":"Loader agent-triage not available, skipping","loader":"agent-triage"}
2026-05-25T07:57:07.841Z [auto-1779695827841-ztic5q] [processor-loader] loaded-processor-rules - SUCCESS | {"message":"Loaded 2 processor rules","ruleCount":2}
2026-05-25T07:57:07.841Z [auto-1779695827841-4b968z] [loader-orchestrator] loader-success - SUCCESS | {"message":"Loader processor loaded 2 rules","loader":"processor","ruleCount":2}
2026-05-25T07:57:07.841Z [auto-1779695827841-mvlie0] [loader-orchestrator] loader-not-available - INFO | {"message":"Loader agent-triage not available, skipping","loader":"agent-triage"}
2026-05-25T07:57:07.841Z [auto-1779695827841-259khx] [processor-loader] loaded-processor-rules - SUCCESS | {"message":"Loaded 2 processor rules","ruleCount":2}
2026-05-25T07:57:07.841Z [auto-1779695827841-zt8qs8] [loader-orchestrator] loader-success - SUCCESS | {"message":"Loader processor loaded 2 rules","loader":"processor","ruleCount":2}
2026-05-25T07:57:07.841Z [auto-1779695827841-yppvtp] [loader-orchestrator] loader-not-available - INFO | {"message":"Loader agents-md-validation not available, skipping","loader":"agents-md-validation"}
2026-05-25T07:57:07.841Z [auto-1779695827841-j3smdo] [loader-orchestrator] load-complete - SUCCESS | {"message":"Loaded 2 rules from 1 loaders (0 failed)","totalRules":2,"successfulLoaders":1,"failedLoaders":0}
2026-05-25T07:57:07.842Z [auto-1779695827842-y3xjza] [rule-enforcer] async-rules-loaded - SUCCESS | {"message":"Loaded 2 async rules (0 duplicates skipped) from 1 loaders","ruleCount":2,"skippedCount":0,"successfulLoaders":1,"failedLoaders":0}
2026-05-25T07:57:07.842Z [auto-1779695827842-c6r06a] [loader-orchestrator] loader-not-available - INFO | {"message":"Loader agents-md-validation not available, skipping","loader":"agents-md-validation"}
2026-05-25T07:57:07.842Z [auto-1779695827842-ratqn5] [loader-orchestrator] load-complete - SUCCESS | {"message":"Loaded 2 rules from 1 loaders (0 failed)","totalRules":2,"successfulLoaders":1,"failedLoaders":0}
2026-05-25T07:57:07.842Z [auto-1779695827842-od0qu3] [rule-enforcer] async-rule-skipped-duplicate - INFO | {"message":"Skipping duplicate rule: processor-validation"}
2026-05-25T07:57:07.842Z [auto-1779695827842-xwyaiz] [rule-enforcer] async-rule-skipped-duplicate - INFO | {"message":"Skipping duplicate rule: processor-health"}
2026-05-25T07:57:07.842Z [auto-1779695827842-zfmmcp] [rule-enforcer] async-rules-loaded - SUCCESS | {"message":"Loaded 0 async rules (2 duplicates skipped) from 1 loaders","ruleCount":0,"skippedCount":2,"successfulLoaders":1,"failedLoaders":0}
2026-05-25T07:57:07.842Z [auto-1779695827842-wiv9to] [rule-executor] execute-start - INFO | {"operation":"todowrite","ruleCount":21,"rules":["context-analysis-integration","memory-optimization","dependency-management","input-validation","error-resolution","loop-safety","single-responsibility","test-coverage","security-by-design","continuous-integration","deployment-safety","test-failure-reporting","performance-regression-reporting","security-vulnerability-reporting","multi-agent-ensemble","substrate-externalization","framework-self-validation","emergent-improvement","module-system-consistency","processor-validation","processor-health"]}
2026-05-25T07:57:07.842Z [auto-1779695827842-gc7et7] [rule-executor] execute-complete - SUCCESS | {"operation":"todowrite","passed":true,"errorCount":0,"warningCount":3}
2026-05-25T07:57:08.620Z [auto-1779695828620-0ym8ps] [loader-orchestrator] loader-not-available - INFO | {"message":"Loader codex not available, skipping","loader":"codex"}
2026-05-25T07:57:08.620Z [auto-1779695828620-vm1cu0] [loader-orchestrator] loader-not-available - INFO | {"message":"Loader codex not available, skipping","loader":"codex"}
2026-05-25T07:57:08.620Z [auto-1779695828620-9yrwib] [loader-orchestrator] loader-not-available - INFO | {"message":"Loader agent-triage not available, skipping","loader":"agent-triage"}
2026-05-25T07:57:08.620Z [auto-1779695828620-qm2cpt] [processor-loader] loaded-processor-rules - SUCCESS | {"message":"Loaded 2 processor rules","ruleCount":2}
2026-05-25T07:57:08.620Z [auto-1779695828620-lkmg1q] [loader-orchestrator] loader-success - SUCCESS | {"message":"Loader processor loaded 2 rules","loader":"processor","ruleCount":2}
2026-05-25T07:57:08.620Z [auto-1779695828620-6q38fu] [loader-orchestrator] loader-not-available - INFO | {"message":"Loader agent-triage not available, skipping","loader":"agent-triage"}
2026-05-25T07:57:08.620Z [auto-1779695828620-jsqj9g] [processor-loader] loaded-processor-rules - SUCCESS | {"message":"Loaded 2 processor rules","ruleCount":2}
2026-05-25T07:57:08.620Z [auto-1779695828620-gpbr8d] [loader-orchestrator] loader-success - SUCCESS | {"message":"Loader processor loaded 2 rules","loader":"processor","ruleCount":2}
2026-05-25T07:57:08.621Z [auto-1779695828621-n0xs0u] [loader-orchestrator] loader-not-available - INFO | {"message":"Loader agents-md-validation not available, skipping","loader":"agents-md-validation"}
2026-05-25T07:57:08.621Z [auto-1779695828621-nmdinw] [loader-orchestrator] load-complete - SUCCESS | {"message":"Loaded 2 rules from 1 loaders (0 failed)","totalRules":2,"successfulLoaders":1,"failedLoaders":0}
2026-05-25T07:57:08.621Z [auto-1779695828621-raehcv] [rule-enforcer] async-rules-loaded - SUCCESS | {"message":"Loaded 2 async rules (0 duplicates skipped) from 1 loaders","ruleCount":2,"skippedCount":0,"successfulLoaders":1,"failedLoaders":0}
2026-05-25T07:57:08.621Z [auto-1779695828621-ctkvk7] [loader-orchestrator] loader-not-available - INFO | {"message":"Loader agents-md-validation not available, skipping","loader":"agents-md-validation"}
2026-05-25T07:57:08.621Z [auto-1779695828621-dcsjdt] [loader-orchestrator] load-complete - SUCCESS | {"message":"Loaded 2 rules from 1 loaders (0 failed)","totalRules":2,"successfulLoaders":1,"failedLoaders":0}
2026-05-25T07:57:08.621Z [auto-1779695828621-845917] [rule-enforcer] async-rule-skipped-duplicate - INFO | {"message":"Skipping duplicate rule: processor-validation"}
2026-05-25T07:57:08.621Z [auto-1779695828621-ut3reg] [rule-enforcer] async-rule-skipped-duplicate - INFO | {"message":"Skipping duplicate rule: processor-health"}
2026-05-25T07:57:08.621Z [auto-1779695828621-mb2tc3] [rule-enforcer] async-rules-loaded - SUCCESS | {"message":"Loaded 0 async rules (2 duplicates skipped) from 1 loaders","ruleCount":0,"skippedCount":2,"successfulLoaders":1,"failedLoaders":0}
2026-05-25T07:57:08.621Z [auto-1779695828621-t4cl8w] [rule-executor] execute-start - INFO | {"operation":"edit","ruleCount":21,"rules":["context-analysis-integration","memory-optimization","dependency-management","input-validation","error-resolution","loop-safety","single-responsibility","test-coverage","security-by-design","continuous-integration","deployment-safety","test-failure-reporting","performance-regression-reporting","security-vulnerability-reporting","multi-agent-ensemble","substrate-externalization","framework-self-validation","emergent-improvement","module-system-consistency","processor-validation","processor-health"]}
2026-05-25T07:57:08.621Z [auto-1779695828621-ahvmd8] [rule-executor] execute-complete - SUCCESS | {"operation":"edit","passed":true,"errorCount":0,"warningCount":3}
2026-05-25T07:57:25.507Z [auto-1779695845507-n69d1b] [loader-orchestrator] loader-not-available - INFO | {"message":"Loader codex not available, skipping","loader":"codex"}
2026-05-25T07:57:25.508Z [auto-1779695845508-acs3v8] [loader-orchestrator] loader-not-available - INFO | {"message":"Loader codex not available, skipping","loader":"codex"}
2026-05-25T07:57:25.508Z [auto-1779695845508-9max82] [loader-orchestrator] loader-not-available - INFO | {"message":"Loader agent-triage not available, skipping","loader":"agent-triage"}
2026-05-25T07:57:25.508Z [auto-1779695845508-nv0786] [processor-loader] loaded-processor-rules - SUCCESS | {"message":"Loaded 2 processor rules","ruleCount":2}
2026-05-25T07:57:25.508Z [auto-1779695845508-iebcla] [loader-orchestrator] loader-success - SUCCESS | {"message":"Loader processor loaded 2 rules","loader":"processor","ruleCount":2}
2026-05-25T07:57:25.508Z [auto-1779695845508-vqg18n] [loader-orchestrator] loader-not-available - INFO | {"message":"Loader agent-triage not available, skipping","loader":"agent-triage"}
2026-05-25T07:57:25.508Z [auto-1779695845508-s67tzb] [processor-loader] loaded-processor-rules - SUCCESS | {"message":"Loaded 2 processor rules","ruleCount":2}
2026-05-25T07:57:25.508Z [auto-1779695845508-d1tddx] [loader-orchestrator] loader-success - SUCCESS | {"message":"Loader processor loaded 2 rules","loader":"processor","ruleCount":2}
2026-05-25T07:57:25.508Z [auto-1779695845508-hvnyx6] [loader-orchestrator] loader-not-available - INFO | {"message":"Loader agents-md-validation not available, skipping","loader":"agents-md-validation"}
2026-05-25T07:57:25.508Z [auto-1779695845508-wqj41h] [loader-orchestrator] load-complete - SUCCESS | {"message":"Loaded 2 rules from 1 loaders (0 failed)","totalRules":2,"successfulLoaders":1,"failedLoaders":0}
2026-05-25T07:57:25.508Z [auto-1779695845508-o4zo5j] [rule-enforcer] async-rules-loaded - SUCCESS | {"message":"Loaded 2 async rules (0 duplicates skipped) from 1 loaders","ruleCount":2,"skippedCount":0,"successfulLoaders":1,"failedLoaders":0}
2026-05-25T07:57:25.508Z [auto-1779695845508-0jzurk] [loader-orchestrator] loader-not-available - INFO | {"message":"Loader agents-md-validation not available, skipping","loader":"agents-md-validation"}
2026-05-25T07:57:25.508Z [auto-1779695845508-pu184e] [loader-orchestrator] load-complete - SUCCESS | {"message":"Loaded 2 rules from 1 loaders (0 failed)","totalRules":2,"successfulLoaders":1,"failedLoaders":0}
2026-05-25T07:57:25.508Z [auto-1779695845508-n22km1] [rule-enforcer] async-rule-skipped-duplicate - INFO | {"message":"Skipping duplicate rule: processor-validation"}
2026-05-25T07:57:25.508Z [auto-1779695845508-b8dkp6] [rule-enforcer] async-rule-skipped-duplicate - INFO | {"message":"Skipping duplicate rule: processor-health"}
2026-05-25T07:57:25.508Z [auto-1779695845508-aywg8f] [rule-enforcer] async-rules-loaded - SUCCESS | {"message":"Loaded 0 async rules (2 duplicates skipped) from 1 loaders","ruleCount":0,"skippedCount":2,"successfulLoaders":1,"failedLoaders":0}
2026-05-25T07:57:25.508Z [auto-1779695845508-2vobak] [rule-executor] execute-start - INFO | {"operation":"edit","ruleCount":21,"rules":["context-analysis-integration","memory-optimization","dependency-management","input-validation","error-resolution","loop-safety","single-responsibility","test-coverage","security-by-design","continuous-integration","deployment-safety","test-failure-reporting","performance-regression-reporting","security-vulnerability-reporting","multi-agent-ensemble","substrate-externalization","framework-self-validation","emergent-improvement","module-system-consistency","processor-validation","processor-health"]}
2026-05-25T07:57:25.509Z [auto-1779695845509-rh12kf] [rule-executor] execute-complete - SUCCESS | {"operation":"edit","passed":true,"errorCount":0,"warningCount":3}
2026-05-25T07:57:27.952Z [auto-1779695847952-0agfrf] [loader-orchestrator] loader-not-available - INFO | {"message":"Loader codex not available, skipping","loader":"codex"}
2026-05-25T07:57:27.952Z [auto-1779695847952-h30xg5] [loader-orchestrator] loader-not-available - INFO | {"message":"Loader codex not available, skipping","loader":"codex"}
2026-05-25T07:57:27.952Z [auto-1779695847952-1d1ela] [loader-orchestrator] loader-not-available - INFO | {"message":"Loader agent-triage not available, skipping","loader":"agent-triage"}
2026-05-25T07:57:27.952Z [auto-1779695847952-b9jn2h] [processor-loader] loaded-processor-rules - SUCCESS | {"message":"Loaded 2 processor rules","ruleCount":2}
2026-05-25T07:57:27.952Z [auto-1779695847952-ugcnfs] [loader-orchestrator] loader-success - SUCCESS | {"message":"Loader processor loaded 2 rules","loader":"processor","ruleCount":2}
2026-05-25T07:57:27.952Z [auto-1779695847952-3m5i7i] [loader-orchestrator] loader-not-available - INFO | {"message":"Loader agent-triage not available, skipping","loader":"agent-triage"}
2026-05-25T07:57:27.952Z [auto-1779695847952-ondzb7] [processor-loader] loaded-processor-rules - SUCCESS | {"message":"Loaded 2 processor rules","ruleCount":2}
2026-05-25T07:57:27.952Z [auto-1779695847952-ewlhqv] [loader-orchestrator] loader-success - SUCCESS | {"message":"Loader processor loaded 2 rules","loader":"processor","ruleCount":2}
2026-05-25T07:57:27.952Z [auto-1779695847952-0y317q] [loader-orchestrator] loader-not-available - INFO | {"message":"Loader agents-md-validation not available, skipping","loader":"agents-md-validation"}
2026-05-25T07:57:27.952Z [auto-1779695847952-o26kf4] [loader-orchestrator] load-complete - SUCCESS | {"message":"Loaded 2 rules from 1 loaders (0 failed)","totalRules":2,"successfulLoaders":1,"failedLoaders":0}
2026-05-25T07:57:27.952Z [auto-1779695847952-o4p6pl] [rule-enforcer] async-rules-loaded - SUCCESS | {"message":"Loaded 2 async rules (0 duplicates skipped) from 1 loaders","ruleCount":2,"skippedCount":0,"successfulLoaders":1,"failedLoaders":0}
2026-05-25T07:57:27.952Z [auto-1779695847952-j50k73] [rule-executor] execute-start - INFO | {"operation":"edit","ruleCount":21,"rules":["context-analysis-integration","memory-optimization","dependency-management","input-validation","error-resolution","loop-safety","single-responsibility","test-coverage","security-by-design","continuous-integration","deployment-safety","test-failure-reporting","performance-regression-reporting","security-vulnerability-reporting","multi-agent-ensemble","substrate-externalization","framework-self-validation","emergent-improvement","module-system-consistency","processor-validation","processor-health"]}
2026-05-25T07:57:27.953Z [auto-1779695847953-9lu8xg] [rule-executor] execute-complete - SUCCESS | {"operation":"edit","passed":true,"errorCount":0,"warningCount":3}
2026-05-25T07:57:27.953Z [auto-1779695847953-5yj7yt] [loader-orchestrator] loader-not-available - INFO | {"message":"Loader agents-md-validation not available, skipping","loader":"agents-md-validation"}
2026-05-25T07:57:27.953Z [auto-1779695847953-nu947s] [loader-orchestrator] load-complete - SUCCESS | {"message":"Loaded 2 rules from 1 loaders (0 failed)","totalRules":2,"successfulLoaders":1,"failedLoaders":0}
2026-05-25T07:57:27.953Z [auto-1779695847953-khjbgf] [rule-enforcer] async-rule-skipped-duplicate - INFO | {"message":"Skipping duplicate rule: processor-validation"}
2026-05-25T07:57:27.953Z [auto-1779695847953-71o654] [rule-enforcer] async-rule-skipped-duplicate - INFO | {"message":"Skipping duplicate rule: processor-health"}
2026-05-25T07:57:27.953Z [auto-1779695847953-msgpwf] [rule-enforcer] async-rules-loaded - SUCCESS | {"message":"Loaded 0 async rules (2 duplicates skipped) from 1 loaders","ruleCount":0,"skippedCount":2,"successfulLoaders":1,"failedLoaders":0}
2026-05-25T07:57:29.436Z [auto-1779695849436-oxnf2l] [loader-orchestrator] loader-not-available - INFO | {"message":"Loader codex not available, skipping","loader":"codex"}
2026-05-25T07:57:29.436Z [auto-1779695849436-tqw1se] [loader-orchestrator] loader-not-available - INFO | {"message":"Loader codex not available, skipping","loader":"codex"}
2026-05-25T07:57:29.436Z [auto-1779695849436-wsd4n4] [loader-orchestrator] loader-not-available - INFO | {"message":"Loader agent-triage not available, skipping","loader":"agent-triage"}
2026-05-25T07:57:29.436Z [auto-1779695849436-9ikhwb] [processor-loader] loaded-processor-rules - SUCCESS | {"message":"Loaded 2 processor rules","ruleCount":2}
2026-05-25T07:57:29.436Z [auto-1779695849436-zhw6uf] [loader-orchestrator] loader-success - SUCCESS | {"message":"Loader processor loaded 2 rules","loader":"processor","ruleCount":2}
2026-05-25T07:57:29.436Z [auto-1779695849436-y7anx9] [loader-orchestrator] loader-not-available - INFO | {"message":"Loader agent-triage not available, skipping","loader":"agent-triage"}
2026-05-25T07:57:29.436Z [auto-1779695849436-emw1me] [processor-loader] loaded-processor-rules - SUCCESS | {"message":"Loaded 2 processor rules","ruleCount":2}
2026-05-25T07:57:29.436Z [auto-1779695849436-xvyjhy] [loader-orchestrator] loader-success - SUCCESS | {"message":"Loader processor loaded 2 rules","loader":"processor","ruleCount":2}
2026-05-25T07:57:29.436Z [auto-1779695849436-9l5a2n] [loader-orchestrator] loader-not-available - INFO | {"message":"Loader agents-md-validation not available, skipping","loader":"agents-md-validation"}
2026-05-25T07:57:29.436Z [auto-1779695849436-kean4i] [loader-orchestrator] load-complete - SUCCESS | {"message":"Loaded 2 rules from 1 loaders (0 failed)","totalRules":2,"successfulLoaders":1,"failedLoaders":0}
2026-05-25T07:57:29.436Z [auto-1779695849436-dih33e] [rule-enforcer] async-rules-loaded - SUCCESS | {"message":"Loaded 2 async rules (0 duplicates skipped) from 1 loaders","ruleCount":2,"skippedCount":0,"successfulLoaders":1,"failedLoaders":0}
2026-05-25T07:57:29.436Z [auto-1779695849436-vrwr5i] [loader-orchestrator] loader-not-available - INFO | {"message":"Loader agents-md-validation not available, skipping","loader":"agents-md-validation"}
2026-05-25T07:57:29.436Z [auto-1779695849436-hz3ueu] [loader-orchestrator] load-complete - SUCCESS | {"message":"Loaded 2 rules from 1 loaders (0 failed)","totalRules":2,"successfulLoaders":1,"failedLoaders":0}
2026-05-25T07:57:29.436Z [auto-1779695849436-9uybwu] [rule-enforcer] async-rule-skipped-duplicate - INFO | {"message":"Skipping duplicate rule: processor-validation"}
2026-05-25T07:57:29.436Z [auto-1779695849436-d6uipx] [rule-enforcer] async-rule-skipped-duplicate - INFO | {"message":"Skipping duplicate rule: processor-health"}
2026-05-25T07:57:29.436Z [auto-1779695849436-9e9nbu] [rule-enforcer] async-rules-loaded - SUCCESS | {"message":"Loaded 0 async rules (2 duplicates skipped) from 1 loaders","ruleCount":0,"skippedCount":2,"successfulLoaders":1,"failedLoaders":0}
2026-05-25T07:57:29.436Z [auto-1779695849436-8vkwr2] [rule-executor] execute-start - INFO | {"operation":"edit","ruleCount":21,"rules":["context-analysis-integration","memory-optimization","dependency-management","input-validation","error-resolution","loop-safety","single-responsibility","test-coverage","security-by-design","continuous-integration","deployment-safety","test-failure-reporting","performance-regression-reporting","security-vulnerability-reporting","multi-agent-ensemble","substrate-externalization","framework-self-validation","emergent-improvement","module-system-consistency","processor-validation","processor-health"]}
2026-05-25T07:57:29.436Z [auto-1779695849436-lquh13] [rule-executor] execute-complete - SUCCESS | {"operation":"edit","passed":true,"errorCount":0,"warningCount":3}
2026-05-25T07:57:32.731Z [auto-1779695852731-uc4yq3] [loader-orchestrator] loader-not-available - INFO | {"message":"Loader codex not available, skipping","loader":"codex"}
2026-05-25T07:57:32.731Z [auto-1779695852731-4772ku] [loader-orchestrator] loader-not-available - INFO | {"message":"Loader codex not available, skipping","loader":"codex"}
2026-05-25T07:57:32.732Z [auto-1779695852732-y5s3zf] [loader-orchestrator] loader-not-available - INFO | {"message":"Loader agent-triage not available, skipping","loader":"agent-triage"}
2026-05-25T07:57:32.732Z [auto-1779695852732-omw39h] [processor-loader] loaded-processor-rules - SUCCESS | {"message":"Loaded 2 processor rules","ruleCount":2}
2026-05-25T07:57:32.732Z [auto-1779695852732-34hfb2] [loader-orchestrator] loader-success - SUCCESS | {"message":"Loader processor loaded 2 rules","loader":"processor","ruleCount":2}
2026-05-25T07:57:32.732Z [auto-1779695852732-deegcy] [loader-orchestrator] loader-not-available - INFO | {"message":"Loader agent-triage not available, skipping","loader":"agent-triage"}
2026-05-25T07:57:32.732Z [auto-1779695852732-ur1j8p] [processor-loader] loaded-processor-rules - SUCCESS | {"message":"Loaded 2 processor rules","ruleCount":2}
2026-05-25T07:57:32.732Z [auto-1779695852732-vbmh7x] [loader-orchestrator] loader-success - SUCCESS | {"message":"Loader processor loaded 2 rules","loader":"processor","ruleCount":2}
2026-05-25T07:57:32.732Z [auto-1779695852732-9e17ej] [loader-orchestrator] loader-not-available - INFO | {"message":"Loader agents-md-validation not available, skipping","loader":"agents-md-validation"}
2026-05-25T07:57:32.732Z [auto-1779695852732-6wyc3j] [loader-orchestrator] load-complete - SUCCESS | {"message":"Loaded 2 rules from 1 loaders (0 failed)","totalRules":2,"successfulLoaders":1,"failedLoaders":0}
2026-05-25T07:57:32.732Z [auto-1779695852732-hcpju6] [rule-enforcer] async-rules-loaded - SUCCESS | {"message":"Loaded 2 async rules (0 duplicates skipped) from 1 loaders","ruleCount":2,"skippedCount":0,"successfulLoaders":1,"failedLoaders":0}
2026-05-25T07:57:32.732Z [auto-1779695852732-9fn2u3] [rule-executor] execute-start - INFO | {"operation":"edit","ruleCount":21,"rules":["context-analysis-integration","memory-optimization","dependency-management","input-validation","error-resolution","loop-safety","single-responsibility","test-coverage","security-by-design","continuous-integration","deployment-safety","test-failure-reporting","performance-regression-reporting","security-vulnerability-reporting","multi-agent-ensemble","substrate-externalization","framework-self-validation","emergent-improvement","module-system-consistency","processor-validation","processor-health"]}
2026-05-25T07:57:32.733Z [auto-1779695852733-d9dgr7] [rule-executor] execute-complete - SUCCESS | {"operation":"edit","passed":true,"errorCount":0,"warningCount":3}
2026-05-25T07:57:32.733Z [auto-1779695852733-a2zztz] [loader-orchestrator] loader-not-available - INFO | {"message":"Loader agents-md-validation not available, skipping","loader":"agents-md-validation"}
2026-05-25T07:57:32.733Z [auto-1779695852733-mctz2u] [loader-orchestrator] load-complete - SUCCESS | {"message":"Loaded 2 rules from 1 loaders (0 failed)","totalRules":2,"successfulLoaders":1,"failedLoaders":0}
2026-05-25T07:57:32.733Z [auto-1779695852733-ygjecw] [rule-enforcer] async-rule-skipped-duplicate - INFO | {"message":"Skipping duplicate rule: processor-validation"}
2026-05-25T07:57:32.733Z [auto-1779695852733-6fnhxc] [rule-enforcer] async-rule-skipped-duplicate - INFO | {"message":"Skipping duplicate rule: processor-health"}
2026-05-25T07:57:32.733Z [auto-1779695852733-l29v0d] [rule-enforcer] async-rules-loaded - SUCCESS | {"message":"Loaded 0 async rules (2 duplicates skipped) from 1 loaders","ruleCount":0,"skippedCount":2,"successfulLoaders":1,"failedLoaders":0}
2026-05-25T07:57:33.024Z [auto-1779695853024-0yqc7a] [loader-orchestrator] loader-not-available - INFO | {"message":"Loader codex not available, skipping","loader":"codex"}
2026-05-25T07:57:33.024Z [auto-1779695853024-4n83u8] [loader-orchestrator] loader-not-available - INFO | {"message":"Loader codex not available, skipping","loader":"codex"}
2026-05-25T07:57:33.024Z [auto-1779695853024-omc3ki] [loader-orchestrator] loader-not-available - INFO | {"message":"Loader agent-triage not available, skipping","loader":"agent-triage"}
2026-05-25T07:57:33.024Z [auto-1779695853024-k7uag7] [processor-loader] loaded-processor-rules - SUCCESS | {"message":"Loaded 2 processor rules","ruleCount":2}
2026-05-25T07:57:33.024Z [auto-1779695853024-tdizlx] [loader-orchestrator] loader-success - SUCCESS | {"message":"Loader processor loaded 2 rules","loader":"processor","ruleCount":2}
2026-05-25T07:57:33.024Z [auto-1779695853024-ezcar4] [loader-orchestrator] loader-not-available - INFO | {"message":"Loader agent-triage not available, skipping","loader":"agent-triage"}
2026-05-25T07:57:33.024Z [auto-1779695853024-jo5sse] [processor-loader] loaded-processor-rules - SUCCESS | {"message":"Loaded 2 processor rules","ruleCount":2}
2026-05-25T07:57:33.024Z [auto-1779695853024-0xq355] [loader-orchestrator] loader-success - SUCCESS | {"message":"Loader processor loaded 2 rules","loader":"processor","ruleCount":2}
2026-05-25T07:57:33.024Z [auto-1779695853024-8kdvyx] [loader-orchestrator] loader-not-available - INFO | {"message":"Loader agents-md-validation not available, skipping","loader":"agents-md-validation"}
2026-05-25T07:57:33.024Z [auto-1779695853024-i8vik9] [loader-orchestrator] load-complete - SUCCESS | {"message":"Loaded 2 rules from 1 loaders (0 failed)","totalRules":2,"successfulLoaders":1,"failedLoaders":0}
2026-05-25T07:57:33.024Z [auto-1779695853024-arfybq] [rule-enforcer] async-rules-loaded - SUCCESS | {"message":"Loaded 2 async rules (0 duplicates skipped) from 1 loaders","ruleCount":2,"skippedCount":0,"successfulLoaders":1,"failedLoaders":0}
2026-05-25T07:57:33.024Z [auto-1779695853024-qlc8gi] [rule-executor] execute-start - INFO | {"operation":"edit","ruleCount":21,"rules":["context-analysis-integration","memory-optimization","dependency-management","input-validation","error-resolution","loop-safety","single-responsibility","test-coverage","security-by-design","continuous-integration","deployment-safety","test-failure-reporting","performance-regression-reporting","security-vulnerability-reporting","multi-agent-ensemble","substrate-externalization","framework-self-validation","emergent-improvement","module-system-consistency","processor-validation","processor-health"]}
2026-05-25T07:57:33.024Z [auto-1779695853024-i4lo4l] [rule-executor] execute-complete - SUCCESS | {"operation":"edit","passed":true,"errorCount":0,"warningCount":3}
2026-05-25T07:57:33.025Z [auto-1779695853025-qtp44g] [loader-orchestrator] loader-not-available - INFO | {"message":"Loader agents-md-validation not available, skipping","loader":"agents-md-validation"}
2026-05-25T07:57:33.025Z [auto-1779695853025-k39cq8] [loader-orchestrator] load-complete - SUCCESS | {"message":"Loaded 2 rules from 1 loaders (0 failed)","totalRules":2,"successfulLoaders":1,"failedLoaders":0}
2026-05-25T07:57:33.025Z [auto-1779695853025-zsv564] [rule-enforcer] async-rule-skipped-duplicate - INFO | {"message":"Skipping duplicate rule: processor-validation"}
2026-05-25T07:57:33.025Z [auto-1779695853025-u7zmmp] [rule-enforcer] async-rule-skipped-duplicate - INFO | {"message":"Skipping duplicate rule: processor-health"}
2026-05-25T07:57:33.025Z [auto-1779695853025-u7o0g2] [rule-enforcer] async-rules-loaded - SUCCESS | {"message":"Loaded 0 async rules (2 duplicates skipped) from 1 loaders","ruleCount":0,"skippedCount":2,"successfulLoaders":1,"failedLoaders":0}
2026-05-25T07:57:33.916Z [auto-1779695853916-9zdeev] [loader-orchestrator] loader-not-available - INFO | {"message":"Loader codex not available, skipping","loader":"codex"}
2026-05-25T07:57:33.916Z [auto-1779695853916-51r2ym] [loader-orchestrator] loader-not-available - INFO | {"message":"Loader codex not available, skipping","loader":"codex"}
2026-05-25T07:57:33.916Z [auto-1779695853916-16xts1] [loader-orchestrator] loader-not-available - INFO | {"message":"Loader agent-triage not available, skipping","loader":"agent-triage"}
2026-05-25T07:57:33.916Z [auto-1779695853916-d43z47] [processor-loader] loaded-processor-rules - SUCCESS | {"message":"Loaded 2 processor rules","ruleCount":2}
2026-05-25T07:57:33.916Z [auto-1779695853916-j0f18v] [loader-orchestrator] loader-success - SUCCESS | {"message":"Loader processor loaded 2 rules","loader":"processor","ruleCount":2}
2026-05-25T07:57:33.916Z [auto-1779695853916-02omzy] [loader-orchestrator] loader-not-available - INFO | {"message":"Loader agent-triage not available, skipping","loader":"agent-triage"}
2026-05-25T07:57:33.916Z [auto-1779695853916-etanhx] [processor-loader] loaded-processor-rules - SUCCESS | {"message":"Loaded 2 processor rules","ruleCount":2}
2026-05-25T07:57:33.916Z [auto-1779695853916-1crt00] [loader-orchestrator] loader-success - SUCCESS | {"message":"Loader processor loaded 2 rules","loader":"processor","ruleCount":2}
2026-05-25T07:57:33.916Z [auto-1779695853916-hkoane] [loader-orchestrator] loader-not-available - INFO | {"message":"Loader agents-md-validation not available, skipping","loader":"agents-md-validation"}
2026-05-25T07:57:33.916Z [auto-1779695853916-vx9rjl] [loader-orchestrator] load-complete - SUCCESS | {"message":"Loaded 2 rules from 1 loaders (0 failed)","totalRules":2,"successfulLoaders":1,"failedLoaders":0}
2026-05-25T07:57:33.916Z [auto-1779695853916-4ha77e] [rule-enforcer] async-rules-loaded - SUCCESS | {"message":"Loaded 2 async rules (0 duplicates skipped) from 1 loaders","ruleCount":2,"skippedCount":0,"successfulLoaders":1,"failedLoaders":0}
2026-05-25T07:57:33.916Z [auto-1779695853916-dqfotx] [rule-executor] execute-start - INFO | {"operation":"edit","ruleCount":21,"rules":["context-analysis-integration","memory-optimization","dependency-management","input-validation","error-resolution","loop-safety","single-responsibility","test-coverage","security-by-design","continuous-integration","deployment-safety","test-failure-reporting","performance-regression-reporting","security-vulnerability-reporting","multi-agent-ensemble","substrate-externalization","framework-self-validation","emergent-improvement","module-system-consistency","processor-validation","processor-health"]}
2026-05-25T07:57:33.916Z [auto-1779695853916-yx0swn] [rule-executor] execute-complete - SUCCESS | {"operation":"edit","passed":true,"errorCount":0,"warningCount":3}
2026-05-25T07:57:33.917Z [auto-1779695853917-p08l73] [loader-orchestrator] loader-not-available - INFO | {"message":"Loader agents-md-validation not available, skipping","loader":"agents-md-validation"}
2026-05-25T07:57:33.917Z [auto-1779695853917-d2cqbk] [loader-orchestrator] load-complete - SUCCESS | {"message":"Loaded 2 rules from 1 loaders (0 failed)","totalRules":2,"successfulLoaders":1,"failedLoaders":0}
2026-05-25T07:57:33.917Z [auto-1779695853917-6x4x5w] [rule-enforcer] async-rule-skipped-duplicate - INFO | {"message":"Skipping duplicate rule: processor-validation"}
2026-05-25T07:57:33.917Z [auto-1779695853917-sqnuc3] [rule-enforcer] async-rule-skipped-duplicate - INFO | {"message":"Skipping duplicate rule: processor-health"}
2026-05-25T07:57:33.917Z [auto-1779695853917-mq9heg] [rule-enforcer] async-rules-loaded - SUCCESS | {"message":"Loaded 0 async rules (2 duplicates skipped) from 1 loaders","ruleCount":0,"skippedCount":2,"successfulLoaders":1,"failedLoaders":0}
2026-05-25T07:57:34.657Z [auto-1779695854657-k0m8k9] [loader-orchestrator] loader-not-available - INFO | {"message":"Loader codex not available, skipping","loader":"codex"}
2026-05-25T07:57:34.657Z [auto-1779695854657-fudv2y] [loader-orchestrator] loader-not-available - INFO | {"message":"Loader codex not available, skipping","loader":"codex"}
2026-05-25T07:57:34.657Z [auto-1779695854657-pm7dzn] [loader-orchestrator] loader-not-available - INFO | {"message":"Loader agent-triage not available, skipping","loader":"agent-triage"}
2026-05-25T07:57:34.657Z [auto-1779695854657-xwnhr8] [processor-loader] loaded-processor-rules - SUCCESS | {"message":"Loaded 2 processor rules","ruleCount":2}
2026-05-25T07:57:34.657Z [auto-1779695854657-c0cohu] [loader-orchestrator] loader-success - SUCCESS | {"message":"Loader processor loaded 2 rules","loader":"processor","ruleCount":2}
2026-05-25T07:57:34.657Z [auto-1779695854657-8h5tod] [loader-orchestrator] loader-not-available - INFO | {"message":"Loader agent-triage not available, skipping","loader":"agent-triage"}
2026-05-25T07:57:34.658Z [auto-1779695854658-blhlv9] [processor-loader] loaded-processor-rules - SUCCESS | {"message":"Loaded 2 processor rules","ruleCount":2}
2026-05-25T07:57:34.658Z [auto-1779695854658-3fqd0u] [loader-orchestrator] loader-success - SUCCESS | {"message":"Loader processor loaded 2 rules","loader":"processor","ruleCount":2}
2026-05-25T07:57:34.658Z [auto-1779695854658-p2brqg] [loader-orchestrator] loader-not-available - INFO | {"message":"Loader agents-md-validation not available, skipping","loader":"agents-md-validation"}
2026-05-25T07:57:34.658Z [auto-1779695854658-a4glpf] [loader-orchestrator] load-complete - SUCCESS | {"message":"Loaded 2 rules from 1 loaders (0 failed)","totalRules":2,"successfulLoaders":1,"failedLoaders":0}
2026-05-25T07:57:34.658Z [auto-1779695854658-y7n4c6] [rule-enforcer] async-rules-loaded - SUCCESS | {"message":"Loaded 2 async rules (0 duplicates skipped) from 1 loaders","ruleCount":2,"skippedCount":0,"successfulLoaders":1,"failedLoaders":0}
2026-05-25T07:57:34.658Z [auto-1779695854658-pxrr7k] [loader-orchestrator] loader-not-available - INFO | {"message":"Loader agents-md-validation not available, skipping","loader":"agents-md-validation"}
2026-05-25T07:57:34.658Z [auto-1779695854658-m09jm1] [loader-orchestrator] load-complete - SUCCESS | {"message":"Loaded 2 rules from 1 loaders (0 failed)","totalRules":2,"successfulLoaders":1,"failedLoaders":0}
2026-05-25T07:57:34.658Z [auto-1779695854658-clc2lm] [rule-enforcer] async-rule-skipped-duplicate - INFO | {"message":"Skipping duplicate rule: processor-validation"}
2026-05-25T07:57:34.658Z [auto-1779695854658-wwywk0] [rule-enforcer] async-rule-skipped-duplicate - INFO | {"message":"Skipping duplicate rule: processor-health"}
2026-05-25T07:57:34.658Z [auto-1779695854658-v2u6lg] [rule-enforcer] async-rules-loaded - SUCCESS | {"message":"Loaded 0 async rules (2 duplicates skipped) from 1 loaders","ruleCount":0,"skippedCount":2,"successfulLoaders":1,"failedLoaders":0}
2026-05-25T07:57:34.658Z [auto-1779695854658-7eurvh] [rule-executor] execute-start - INFO | {"operation":"edit","ruleCount":21,"rules":["context-analysis-integration","memory-optimization","dependency-management","input-validation","error-resolution","loop-safety","single-responsibility","test-coverage","security-by-design","continuous-integration","deployment-safety","test-failure-reporting","performance-regression-reporting","security-vulnerability-reporting","multi-agent-ensemble","substrate-externalization","framework-self-validation","emergent-improvement","module-system-consistency","processor-validation","processor-health"]}
2026-05-25T07:57:34.658Z [auto-1779695854658-k58h1w] [rule-executor] execute-complete - SUCCESS | {"operation":"edit","passed":true,"errorCount":0,"warningCount":3}
2026-05-25T07:57:35.141Z [auto-1779695855141-kbgqjb] [loader-orchestrator] loader-not-available - INFO | {"message":"Loader codex not available, skipping","loader":"codex"}
2026-05-25T07:57:35.141Z [auto-1779695855141-1myt59] [loader-orchestrator] loader-not-available - INFO | {"message":"Loader codex not available, skipping","loader":"codex"}
2026-05-25T07:57:35.141Z [auto-1779695855141-wbbu1f] [loader-orchestrator] loader-not-available - INFO | {"message":"Loader agent-triage not available, skipping","loader":"agent-triage"}
2026-05-25T07:57:35.141Z [auto-1779695855141-5niys9] [processor-loader] loaded-processor-rules - SUCCESS | {"message":"Loaded 2 processor rules","ruleCount":2}
2026-05-25T07:57:35.141Z [auto-1779695855141-3ijkex] [loader-orchestrator] loader-success - SUCCESS | {"message":"Loader processor loaded 2 rules","loader":"processor","ruleCount":2}
2026-05-25T07:57:35.141Z [auto-1779695855141-h1e2dm] [loader-orchestrator] loader-not-available - INFO | {"message":"Loader agent-triage not available, skipping","loader":"agent-triage"}
2026-05-25T07:57:35.141Z [auto-1779695855141-4276zj] [processor-loader] loaded-processor-rules - SUCCESS | {"message":"Loaded 2 processor rules","ruleCount":2}
2026-05-25T07:57:35.141Z [auto-1779695855141-h33qnj] [loader-orchestrator] loader-success - SUCCESS | {"message":"Loader processor loaded 2 rules","loader":"processor","ruleCount":2}
2026-05-25T07:57:35.141Z [auto-1779695855141-wrq0ol] [loader-orchestrator] loader-not-available - INFO | {"message":"Loader agents-md-validation not available, skipping","loader":"agents-md-validation"}
2026-05-25T07:57:35.141Z [auto-1779695855141-mqtqw3] [loader-orchestrator] load-complete - SUCCESS | {"message":"Loaded 2 rules from 1 loaders (0 failed)","totalRules":2,"successfulLoaders":1,"failedLoaders":0}
2026-05-25T07:57:35.141Z [auto-1779695855141-yopueu] [rule-enforcer] async-rules-loaded - SUCCESS | {"message":"Loaded 2 async rules (0 duplicates skipped) from 1 loaders","ruleCount":2,"skippedCount":0,"successfulLoaders":1,"failedLoaders":0}
2026-05-25T07:57:35.141Z [auto-1779695855141-bbffsc] [loader-orchestrator] loader-not-available - INFO | {"message":"Loader agents-md-validation not available, skipping","loader":"agents-md-validation"}
2026-05-25T07:57:35.141Z [auto-1779695855141-z1m17x] [loader-orchestrator] load-complete - SUCCESS | {"message":"Loaded 2 rules from 1 loaders (0 failed)","totalRules":2,"successfulLoaders":1,"failedLoaders":0}
2026-05-25T07:57:35.141Z [auto-1779695855141-jyctum] [rule-enforcer] async-rule-skipped-duplicate - INFO | {"message":"Skipping duplicate rule: processor-validation"}
2026-05-25T07:57:35.141Z [auto-1779695855141-75lq0k] [rule-enforcer] async-rule-skipped-duplicate - INFO | {"message":"Skipping duplicate rule: processor-health"}
2026-05-25T07:57:35.141Z [auto-1779695855141-m30mtm] [rule-enforcer] async-rules-loaded - SUCCESS | {"message":"Loaded 0 async rules (2 duplicates skipped) from 1 loaders","ruleCount":0,"skippedCount":2,"successfulLoaders":1,"failedLoaders":0}
2026-05-25T07:57:35.141Z [auto-1779695855141-e0u2jf] [rule-executor] execute-start - INFO | {"operation":"edit","ruleCount":21,"rules":["context-analysis-integration","memory-optimization","dependency-management","input-validation","error-resolution","loop-safety","single-responsibility","test-coverage","security-by-design","continuous-integration","deployment-safety","test-failure-reporting","performance-regression-reporting","security-vulnerability-reporting","multi-agent-ensemble","substrate-externalization","framework-self-validation","emergent-improvement","module-system-consistency","processor-validation","processor-health"]}
2026-05-25T07:57:35.142Z [auto-1779695855142-env7r5] [rule-executor] execute-complete - SUCCESS | {"operation":"edit","passed":true,"errorCount":0,"warningCount":3}
2026-05-25T07:57:36.309Z [auto-1779695856309-r1lwvs] [loader-orchestrator] loader-not-available - INFO | {"message":"Loader codex not available, skipping","loader":"codex"}
2026-05-25T07:57:36.310Z [auto-1779695856310-7c0ua6] [loader-orchestrator] loader-not-available - INFO | {"message":"Loader codex not available, skipping","loader":"codex"}
2026-05-25T07:57:36.310Z [auto-1779695856310-3kcx41] [loader-orchestrator] loader-not-available - INFO | {"message":"Loader agent-triage not available, skipping","loader":"agent-triage"}
2026-05-25T07:57:36.319Z [auto-1779695856319-n7ramn] [processor-loader] loaded-processor-rules - SUCCESS | {"message":"Loaded 2 processor rules","ruleCount":2}
2026-05-25T07:57:36.319Z [auto-1779695856319-ogch9a] [loader-orchestrator] loader-success - SUCCESS | {"message":"Loader processor loaded 2 rules","loader":"processor","ruleCount":2}
2026-05-25T07:57:36.319Z [auto-1779695856319-mqv5tq] [loader-orchestrator] loader-not-available - INFO | {"message":"Loader agent-triage not available, skipping","loader":"agent-triage"}
2026-05-25T07:57:36.319Z [auto-1779695856319-yxsabp] [processor-loader] loaded-processor-rules - SUCCESS | {"message":"Loaded 2 processor rules","ruleCount":2}
2026-05-25T07:57:36.319Z [auto-1779695856319-z985o7] [loader-orchestrator] loader-success - SUCCESS | {"message":"Loader processor loaded 2 rules","loader":"processor","ruleCount":2}
2026-05-25T07:57:36.320Z [auto-1779695856320-1rfkdk] [loader-orchestrator] loader-not-available - INFO | {"message":"Loader agents-md-validation not available, skipping","loader":"agents-md-validation"}
2026-05-25T07:57:36.320Z [auto-1779695856320-v5t87l] [loader-orchestrator] load-complete - SUCCESS | {"message":"Loaded 2 rules from 1 loaders (0 failed)","totalRules":2,"successfulLoaders":1,"failedLoaders":0}
2026-05-25T07:57:36.320Z [auto-1779695856320-a4sx40] [rule-enforcer] async-rules-loaded - SUCCESS | {"message":"Loaded 2 async rules (0 duplicates skipped) from 1 loaders","ruleCount":2,"skippedCount":0,"successfulLoaders":1,"failedLoaders":0}
2026-05-25T07:57:36.320Z [auto-1779695856320-s890wp] [loader-orchestrator] loader-not-available - INFO | {"message":"Loader agents-md-validation not available, skipping","loader":"agents-md-validation"}
2026-05-25T07:57:36.320Z [auto-1779695856320-ps2uv2] [loader-orchestrator] load-complete - SUCCESS | {"message":"Loaded 2 rules from 1 loaders (0 failed)","totalRules":2,"successfulLoaders":1,"failedLoaders":0}
2026-05-25T07:57:36.320Z [auto-1779695856320-suesvx] [rule-enforcer] async-rule-skipped-duplicate - INFO | {"message":"Skipping duplicate rule: processor-validation"}
2026-05-25T07:57:36.320Z [auto-1779695856320-w1bi53] [rule-enforcer] async-rule-skipped-duplicate - INFO | {"message":"Skipping duplicate rule: processor-health"}
2026-05-25T07:57:36.320Z [auto-1779695856320-whsmyb] [rule-enforcer] async-rules-loaded - SUCCESS | {"message":"Loaded 0 async rules (2 duplicates skipped) from 1 loaders","ruleCount":0,"skippedCount":2,"successfulLoaders":1,"failedLoaders":0}
2026-05-25T07:57:36.320Z [auto-1779695856320-hsszys] [rule-executor] execute-start - INFO | {"operation":"edit","ruleCount":21,"rules":["context-analysis-integration","memory-optimization","dependency-management","input-validation","error-resolution","loop-safety","single-responsibility","test-coverage","security-by-design","continuous-integration","deployment-safety","test-failure-reporting","performance-regression-reporting","security-vulnerability-reporting","multi-agent-ensemble","substrate-externalization","framework-self-validation","emergent-improvement","module-system-consistency","processor-validation","processor-health"]}
2026-05-25T07:57:36.321Z [auto-1779695856321-fkilbi] [rule-executor] execute-complete - SUCCESS | {"operation":"edit","passed":true,"errorCount":0,"warningCount":3}
2026-05-25T07:57:38.511Z [auto-1779695858511-uft64d] [loader-orchestrator] loader-not-available - INFO | {"message":"Loader codex not available, skipping","loader":"codex"}
2026-05-25T07:57:38.511Z [auto-1779695858511-qiaei1] [loader-orchestrator] loader-not-available - INFO | {"message":"Loader codex not available, skipping","loader":"codex"}
2026-05-25T07:57:38.511Z [auto-1779695858511-oknqeg] [loader-orchestrator] loader-not-available - INFO | {"message":"Loader agent-triage not available, skipping","loader":"agent-triage"}
2026-05-25T07:57:38.511Z [auto-1779695858511-35pk0k] [processor-loader] loaded-processor-rules - SUCCESS | {"message":"Loaded 2 processor rules","ruleCount":2}
2026-05-25T07:57:38.511Z [auto-1779695858511-s16th9] [loader-orchestrator] loader-success - SUCCESS | {"message":"Loader processor loaded 2 rules","loader":"processor","ruleCount":2}
2026-05-25T07:57:38.511Z [auto-1779695858511-ydhcoo] [loader-orchestrator] loader-not-available - INFO | {"message":"Loader agent-triage not available, skipping","loader":"agent-triage"}
2026-05-25T07:57:38.511Z [auto-1779695858511-iz0t9h] [processor-loader] loaded-processor-rules - SUCCESS | {"message":"Loaded 2 processor rules","ruleCount":2}
2026-05-25T07:57:38.511Z [auto-1779695858511-7h8uza] [loader-orchestrator] loader-success - SUCCESS | {"message":"Loader processor loaded 2 rules","loader":"processor","ruleCount":2}
2026-05-25T07:57:38.511Z [auto-1779695858511-a8roxq] [loader-orchestrator] loader-not-available - INFO | {"message":"Loader agents-md-validation not available, skipping","loader":"agents-md-validation"}
2026-05-25T07:57:38.511Z [auto-1779695858511-fs1nmw] [loader-orchestrator] load-complete - SUCCESS | {"message":"Loaded 2 rules from 1 loaders (0 failed)","totalRules":2,"successfulLoaders":1,"failedLoaders":0}
2026-05-25T07:57:38.511Z [auto-1779695858511-o247sg] [rule-enforcer] async-rules-loaded - SUCCESS | {"message":"Loaded 2 async rules (0 duplicates skipped) from 1 loaders","ruleCount":2,"skippedCount":0,"successfulLoaders":1,"failedLoaders":0}
2026-05-25T07:57:38.511Z [auto-1779695858511-r7zllu] [loader-orchestrator] loader-not-available - INFO | {"message":"Loader agents-md-validation not available, skipping","loader":"agents-md-validation"}
2026-05-25T07:57:38.511Z [auto-1779695858511-a05q91] [loader-orchestrator] load-complete - SUCCESS | {"message":"Loaded 2 rules from 1 loaders (0 failed)","totalRules":2,"successfulLoaders":1,"failedLoaders":0}
2026-05-25T07:57:38.511Z [auto-1779695858511-avfksw] [rule-enforcer] async-rule-skipped-duplicate - INFO | {"message":"Skipping duplicate rule: processor-validation"}
2026-05-25T07:57:38.511Z [auto-1779695858511-2itkm7] [rule-enforcer] async-rule-skipped-duplicate - INFO | {"message":"Skipping duplicate rule: processor-health"}
2026-05-25T07:57:38.511Z [auto-1779695858511-q40wx6] [rule-enforcer] async-rules-loaded - SUCCESS | {"message":"Loaded 0 async rules (2 duplicates skipped) from 1 loaders","ruleCount":0,"skippedCount":2,"successfulLoaders":1,"failedLoaders":0}
2026-05-25T07:57:38.511Z [auto-1779695858511-gv8ijq] [rule-executor] execute-start - INFO | {"operation":"edit","ruleCount":21,"rules":["context-analysis-integration","memory-optimization","dependency-management","input-validation","error-resolution","loop-safety","single-responsibility","test-coverage","security-by-design","continuous-integration","deployment-safety","test-failure-reporting","performance-regression-reporting","security-vulnerability-reporting","multi-agent-ensemble","substrate-externalization","framework-self-validation","emergent-improvement","module-system-consistency","processor-validation","processor-health"]}
2026-05-25T07:57:38.512Z [auto-1779695858512-2k6r7t] [rule-executor] execute-complete - SUCCESS | {"operation":"edit","passed":true,"errorCount":0,"warningCount":3}
2026-05-25T07:57:39.224Z [auto-1779695859224-kln9lj] [loader-orchestrator] loader-not-available - INFO | {"message":"Loader codex not available, skipping","loader":"codex"}
2026-05-25T07:57:39.224Z [auto-1779695859224-ts2dgf] [loader-orchestrator] loader-not-available - INFO | {"message":"Loader codex not available, skipping","loader":"codex"}
2026-05-25T07:57:39.225Z [auto-1779695859225-tcvbxi] [loader-orchestrator] loader-not-available - INFO | {"message":"Loader agent-triage not available, skipping","loader":"agent-triage"}
2026-05-25T07:57:39.225Z [auto-1779695859225-xfvsec] [processor-loader] loaded-processor-rules - SUCCESS | {"message":"Loaded 2 processor rules","ruleCount":2}
2026-05-25T07:57:39.225Z [auto-1779695859225-qndynn] [loader-orchestrator] loader-success - SUCCESS | {"message":"Loader processor loaded 2 rules","loader":"processor","ruleCount":2}
2026-05-25T07:57:39.225Z [auto-1779695859225-1n729m] [loader-orchestrator] loader-not-available - INFO | {"message":"Loader agent-triage not available, skipping","loader":"agent-triage"}
2026-05-25T07:57:39.225Z [auto-1779695859225-tifmow] [processor-loader] loaded-processor-rules - SUCCESS | {"message":"Loaded 2 processor rules","ruleCount":2}
2026-05-25T07:57:39.225Z [auto-1779695859225-prmdt1] [loader-orchestrator] loader-success - SUCCESS | {"message":"Loader processor loaded 2 rules","loader":"processor","ruleCount":2}
2026-05-25T07:57:39.225Z [auto-1779695859225-e7j3c4] [loader-orchestrator] loader-not-available - INFO | {"message":"Loader agents-md-validation not available, skipping","loader":"agents-md-validation"}
2026-05-25T07:57:39.225Z [auto-1779695859225-1yoafu] [loader-orchestrator] load-complete - SUCCESS | {"message":"Loaded 2 rules from 1 loaders (0 failed)","totalRules":2,"successfulLoaders":1,"failedLoaders":0}
2026-05-25T07:57:39.225Z [auto-1779695859225-qz5c4p] [rule-enforcer] async-rules-loaded - SUCCESS | {"message":"Loaded 2 async rules (0 duplicates skipped) from 1 loaders","ruleCount":2,"skippedCount":0,"successfulLoaders":1,"failedLoaders":0}
2026-05-25T07:57:39.225Z [auto-1779695859225-j64ygu] [loader-orchestrator] loader-not-available - INFO | {"message":"Loader agents-md-validation not available, skipping","loader":"agents-md-validation"}
2026-05-25T07:57:39.225Z [auto-1779695859225-wtnsmo] [loader-orchestrator] load-complete - SUCCESS | {"message":"Loaded 2 rules from 1 loaders (0 failed)","totalRules":2,"successfulLoaders":1,"failedLoaders":0}
2026-05-25T07:57:39.225Z [auto-1779695859225-tmt0bc] [rule-enforcer] async-rule-skipped-duplicate - INFO | {"message":"Skipping duplicate rule: processor-validation"}
2026-05-25T07:57:39.225Z [auto-1779695859225-zi3wpe] [rule-enforcer] async-rule-skipped-duplicate - INFO | {"message":"Skipping duplicate rule: processor-health"}
2026-05-25T07:57:39.225Z [auto-1779695859225-ggoh3b] [rule-enforcer] async-rules-loaded - SUCCESS | {"message":"Loaded 0 async rules (2 duplicates skipped) from 1 loaders","ruleCount":0,"skippedCount":2,"successfulLoaders":1,"failedLoaders":0}
2026-05-25T07:57:39.225Z [auto-1779695859225-96g3pp] [rule-executor] execute-start - INFO | {"operation":"edit","ruleCount":21,"rules":["context-analysis-integration","memory-optimization","dependency-management","input-validation","error-resolution","loop-safety","single-responsibility","test-coverage","security-by-design","continuous-integration","deployment-safety","test-failure-reporting","performance-regression-reporting","security-vulnerability-reporting","multi-agent-ensemble","substrate-externalization","framework-self-validation","emergent-improvement","module-system-consistency","processor-validation","processor-health"]}
2026-05-25T07:57:39.225Z [auto-1779695859225-j7pzk0] [rule-executor] execute-complete - SUCCESS | {"operation":"edit","passed":true,"errorCount":0,"warningCount":3}
2026-05-25T07:58:00.486Z [auto-1779695880486-or8r9u] [loader-orchestrator] loader-not-available - INFO | {"message":"Loader codex not available, skipping","loader":"codex"}
2026-05-25T07:58:00.486Z [auto-1779695880486-je0ebh] [loader-orchestrator] loader-not-available - INFO | {"message":"Loader codex not available, skipping","loader":"codex"}
2026-05-25T07:58:00.486Z [auto-1779695880486-9ohe01] [loader-orchestrator] loader-not-available - INFO | {"message":"Loader agent-triage not available, skipping","loader":"agent-triage"}
2026-05-25T07:58:00.486Z [auto-1779695880486-20tay5] [processor-loader] loaded-processor-rules - SUCCESS | {"message":"Loaded 2 processor rules","ruleCount":2}
2026-05-25T07:58:00.486Z [auto-1779695880486-un96x7] [loader-orchestrator] loader-success - SUCCESS | {"message":"Loader processor loaded 2 rules","loader":"processor","ruleCount":2}
2026-05-25T07:58:00.486Z [auto-1779695880486-8ql1my] [loader-orchestrator] loader-not-available - INFO | {"message":"Loader agent-triage not available, skipping","loader":"agent-triage"}
2026-05-25T07:58:00.486Z [auto-1779695880486-kp9h6h] [processor-loader] loaded-processor-rules - SUCCESS | {"message":"Loaded 2 processor rules","ruleCount":2}
2026-05-25T07:58:00.486Z [auto-1779695880486-cdjsl8] [loader-orchestrator] loader-success - SUCCESS | {"message":"Loader processor loaded 2 rules","loader":"processor","ruleCount":2}
2026-05-25T07:58:00.486Z [auto-1779695880486-ay51lz] [loader-orchestrator] loader-not-available - INFO | {"message":"Loader agents-md-validation not available, skipping","loader":"agents-md-validation"}
2026-05-25T07:58:00.486Z [auto-1779695880486-13oyzr] [loader-orchestrator] load-complete - SUCCESS | {"message":"Loaded 2 rules from 1 loaders (0 failed)","totalRules":2,"successfulLoaders":1,"failedLoaders":0}
2026-05-25T07:58:00.486Z [auto-1779695880486-4hr76x] [rule-enforcer] async-rules-loaded - SUCCESS | {"message":"Loaded 2 async rules (0 duplicates skipped) from 1 loaders","ruleCount":2,"skippedCount":0,"successfulLoaders":1,"failedLoaders":0}
2026-05-25T07:58:00.486Z [auto-1779695880486-qpeolk] [loader-orchestrator] loader-not-available - INFO | {"message":"Loader agents-md-validation not available, skipping","loader":"agents-md-validation"}
2026-05-25T07:58:00.486Z [auto-1779695880486-d3lfuu] [loader-orchestrator] load-complete - SUCCESS | {"message":"Loaded 2 rules from 1 loaders (0 failed)","totalRules":2,"successfulLoaders":1,"failedLoaders":0}
2026-05-25T07:58:00.486Z [auto-1779695880486-5thm65] [rule-enforcer] async-rule-skipped-duplicate - INFO | {"message":"Skipping duplicate rule: processor-validation"}
2026-05-25T07:58:00.486Z [auto-1779695880486-dh4qnf] [rule-enforcer] async-rule-skipped-duplicate - INFO | {"message":"Skipping duplicate rule: processor-health"}
2026-05-25T07:58:00.486Z [auto-1779695880486-xv1ju4] [rule-enforcer] async-rules-loaded - SUCCESS | {"message":"Loaded 0 async rules (2 duplicates skipped) from 1 loaders","ruleCount":0,"skippedCount":2,"successfulLoaders":1,"failedLoaders":0}
2026-05-25T07:58:00.486Z [auto-1779695880486-34z7sa] [rule-executor] execute-start - INFO | {"operation":"grep","ruleCount":21,"rules":["context-analysis-integration","memory-optimization","dependency-management","input-validation","error-resolution","loop-safety","single-responsibility","test-coverage","security-by-design","continuous-integration","deployment-safety","test-failure-reporting","performance-regression-reporting","security-vulnerability-reporting","multi-agent-ensemble","substrate-externalization","framework-self-validation","emergent-improvement","module-system-consistency","processor-validation","processor-health"]}
2026-05-25T07:58:00.486Z [auto-1779695880486-tpte0q] [rule-executor] execute-complete - SUCCESS | {"operation":"grep","passed":true,"errorCount":0,"warningCount":3}
2026-05-25T07:58:13.084Z [auto-1779695893084-i3sa5k] [loader-orchestrator] loader-not-available - INFO | {"message":"Loader codex not available, skipping","loader":"codex"}
2026-05-25T07:58:13.084Z [auto-1779695893084-jusmng] [loader-orchestrator] loader-not-available - INFO | {"message":"Loader codex not available, skipping","loader":"codex"}
2026-05-25T07:58:13.084Z [auto-1779695893084-twd8zz] [loader-orchestrator] loader-not-available - INFO | {"message":"Loader agent-triage not available, skipping","loader":"agent-triage"}
2026-05-25T07:58:13.084Z [auto-1779695893084-gbzj0l] [processor-loader] loaded-processor-rules - SUCCESS | {"message":"Loaded 2 processor rules","ruleCount":2}
2026-05-25T07:58:13.084Z [auto-1779695893084-bkm489] [loader-orchestrator] loader-success - SUCCESS | {"message":"Loader processor loaded 2 rules","loader":"processor","ruleCount":2}
2026-05-25T07:58:13.084Z [auto-1779695893084-2t7d7a] [loader-orchestrator] loader-not-available - INFO | {"message":"Loader agent-triage not available, skipping","loader":"agent-triage"}
2026-05-25T07:58:13.084Z [auto-1779695893084-4zsbix] [processor-loader] loaded-processor-rules - SUCCESS | {"message":"Loaded 2 processor rules","ruleCount":2}
2026-05-25T07:58:13.084Z [auto-1779695893084-eh8x0b] [loader-orchestrator] loader-success - SUCCESS | {"message":"Loader processor loaded 2 rules","loader":"processor","ruleCount":2}
2026-05-25T07:58:13.084Z [auto-1779695893084-d8qlbe] [loader-orchestrator] loader-not-available - INFO | {"message":"Loader agents-md-validation not available, skipping","loader":"agents-md-validation"}
2026-05-25T07:58:13.084Z [auto-1779695893084-imudm6] [loader-orchestrator] load-complete - SUCCESS | {"message":"Loaded 2 rules from 1 loaders (0 failed)","totalRules":2,"successfulLoaders":1,"failedLoaders":0}
2026-05-25T07:58:13.084Z [auto-1779695893084-tjx7wc] [rule-enforcer] async-rules-loaded - SUCCESS | {"message":"Loaded 2 async rules (0 duplicates skipped) from 1 loaders","ruleCount":2,"skippedCount":0,"successfulLoaders":1,"failedLoaders":0}
2026-05-25T07:58:13.084Z [auto-1779695893084-609hr3] [rule-executor] execute-start - INFO | {"operation":"read","ruleCount":21,"rules":["context-analysis-integration","memory-optimization","dependency-management","input-validation","error-resolution","loop-safety","single-responsibility","test-coverage","security-by-design","continuous-integration","deployment-safety","test-failure-reporting","performance-regression-reporting","security-vulnerability-reporting","multi-agent-ensemble","substrate-externalization","framework-self-validation","emergent-improvement","module-system-consistency","processor-validation","processor-health"]}
2026-05-25T07:58:13.085Z [auto-1779695893085-07rizq] [rule-executor] execute-complete - SUCCESS | {"operation":"read","passed":true,"errorCount":0,"warningCount":3}
2026-05-25T07:58:13.085Z [auto-1779695893085-ynkse4] [loader-orchestrator] loader-not-available - INFO | {"message":"Loader agents-md-validation not available, skipping","loader":"agents-md-validation"}
2026-05-25T07:58:13.085Z [auto-1779695893085-rm8n6i] [loader-orchestrator] load-complete - SUCCESS | {"message":"Loaded 2 rules from 1 loaders (0 failed)","totalRules":2,"successfulLoaders":1,"failedLoaders":0}
2026-05-25T07:58:13.085Z [auto-1779695893085-jewctr] [rule-enforcer] async-rule-skipped-duplicate - INFO | {"message":"Skipping duplicate rule: processor-validation"}
2026-05-25T07:58:13.085Z [auto-1779695893085-h9r0om] [rule-enforcer] async-rule-skipped-duplicate - INFO | {"message":"Skipping duplicate rule: processor-health"}
2026-05-25T07:58:13.085Z [auto-1779695893085-smxrif] [rule-enforcer] async-rules-loaded - SUCCESS | {"message":"Loaded 0 async rules (2 duplicates skipped) from 1 loaders","ruleCount":0,"skippedCount":2,"successfulLoaders":1,"failedLoaders":0}
2026-05-25T07:58:13.834Z [auto-1779695893834-nxdwr7] [loader-orchestrator] loader-not-available - INFO | {"message":"Loader codex not available, skipping","loader":"codex"}
2026-05-25T07:58:13.834Z [auto-1779695893834-ybcysp] [loader-orchestrator] loader-not-available - INFO | {"message":"Loader codex not available, skipping","loader":"codex"}
2026-05-25T07:58:13.834Z [auto-1779695893834-0b1q4k] [loader-orchestrator] loader-not-available - INFO | {"message":"Loader agent-triage not available, skipping","loader":"agent-triage"}
2026-05-25T07:58:13.834Z [auto-1779695893834-v3gfan] [processor-loader] loaded-processor-rules - SUCCESS | {"message":"Loaded 2 processor rules","ruleCount":2}
2026-05-25T07:58:13.834Z [auto-1779695893834-x9imgm] [loader-orchestrator] loader-success - SUCCESS | {"message":"Loader processor loaded 2 rules","loader":"processor","ruleCount":2}
2026-05-25T07:58:13.834Z [auto-1779695893834-wi1lyh] [loader-orchestrator] loader-not-available - INFO | {"message":"Loader agent-triage not available, skipping","loader":"agent-triage"}
2026-05-25T07:58:13.834Z [auto-1779695893834-5jr3pc] [processor-loader] loaded-processor-rules - SUCCESS | {"message":"Loaded 2 processor rules","ruleCount":2}
2026-05-25T07:58:13.834Z [auto-1779695893834-7vlnlf] [loader-orchestrator] loader-success - SUCCESS | {"message":"Loader processor loaded 2 rules","loader":"processor","ruleCount":2}
2026-05-25T07:58:13.834Z [auto-1779695893834-nird42] [loader-orchestrator] loader-not-available - INFO | {"message":"Loader agents-md-validation not available, skipping","loader":"agents-md-validation"}
2026-05-25T07:58:13.834Z [auto-1779695893834-9hniiq] [loader-orchestrator] load-complete - SUCCESS | {"message":"Loaded 2 rules from 1 loaders (0 failed)","totalRules":2,"successfulLoaders":1,"failedLoaders":0}
2026-05-25T07:58:13.834Z [auto-1779695893834-rjoj29] [rule-enforcer] async-rules-loaded - SUCCESS | {"message":"Loaded 2 async rules (0 duplicates skipped) from 1 loaders","ruleCount":2,"skippedCount":0,"successfulLoaders":1,"failedLoaders":0}
2026-05-25T07:58:13.834Z [auto-1779695893834-yxulp5] [loader-orchestrator] loader-not-available - INFO | {"message":"Loader agents-md-validation not available, skipping","loader":"agents-md-validation"}
2026-05-25T07:58:13.834Z [auto-1779695893834-xmeeq0] [loader-orchestrator] load-complete - SUCCESS | {"message":"Loaded 2 rules from 1 loaders (0 failed)","totalRules":2,"successfulLoaders":1,"failedLoaders":0}
2026-05-25T07:58:13.834Z [auto-1779695893834-n5de4t] [rule-enforcer] async-rule-skipped-duplicate - INFO | {"message":"Skipping duplicate rule: processor-validation"}
2026-05-25T07:58:13.834Z [auto-1779695893834-0ittqu] [rule-enforcer] async-rule-skipped-duplicate - INFO | {"message":"Skipping duplicate rule: processor-health"}
2026-05-25T07:58:13.834Z [auto-1779695893834-jx1rpa] [rule-enforcer] async-rules-loaded - SUCCESS | {"message":"Loaded 0 async rules (2 duplicates skipped) from 1 loaders","ruleCount":0,"skippedCount":2,"successfulLoaders":1,"failedLoaders":0}
2026-05-25T07:58:13.834Z [auto-1779695893834-ejq5c3] [rule-executor] execute-start - INFO | {"operation":"read","ruleCount":21,"rules":["context-analysis-integration","memory-optimization","dependency-management","input-validation","error-resolution","loop-safety","single-responsibility","test-coverage","security-by-design","continuous-integration","deployment-safety","test-failure-reporting","performance-regression-reporting","security-vulnerability-reporting","multi-agent-ensemble","substrate-externalization","framework-self-validation","emergent-improvement","module-system-consistency","processor-validation","processor-health"]}
2026-05-25T07:58:13.834Z [auto-1779695893834-8pkest] [rule-executor] execute-complete - SUCCESS | {"operation":"read","passed":true,"errorCount":0,"warningCount":3}
2026-05-25T07:58:23.698Z [auto-1779695903698-j2vw18] [loader-orchestrator] loader-not-available - INFO | {"message":"Loader codex not available, skipping","loader":"codex"}
2026-05-25T07:58:23.698Z [auto-1779695903698-okxiid] [loader-orchestrator] loader-not-available - INFO | {"message":"Loader codex not available, skipping","loader":"codex"}
2026-05-25T07:58:23.698Z [auto-1779695903698-21gccc] [loader-orchestrator] loader-not-available - INFO | {"message":"Loader agent-triage not available, skipping","loader":"agent-triage"}
2026-05-25T07:58:23.698Z [auto-1779695903698-7ssvz9] [processor-loader] loaded-processor-rules - SUCCESS | {"message":"Loaded 2 processor rules","ruleCount":2}
2026-05-25T07:58:23.698Z [auto-1779695903698-sbg8as] [loader-orchestrator] loader-success - SUCCESS | {"message":"Loader processor loaded 2 rules","loader":"processor","ruleCount":2}
2026-05-25T07:58:23.698Z [auto-1779695903698-y1zvkl] [loader-orchestrator] loader-not-available - INFO | {"message":"Loader agent-triage not available, skipping","loader":"agent-triage"}
2026-05-25T07:58:23.698Z [auto-1779695903698-u2eegm] [processor-loader] loaded-processor-rules - SUCCESS | {"message":"Loaded 2 processor rules","ruleCount":2}
2026-05-25T07:58:23.698Z [auto-1779695903698-dok9k6] [loader-orchestrator] loader-success - SUCCESS | {"message":"Loader processor loaded 2 rules","loader":"processor","ruleCount":2}
2026-05-25T07:58:23.698Z [auto-1779695903698-4piuxb] [loader-orchestrator] loader-not-available - INFO | {"message":"Loader agents-md-validation not available, skipping","loader":"agents-md-validation"}
2026-05-25T07:58:23.698Z [auto-1779695903698-6m3nyt] [loader-orchestrator] load-complete - SUCCESS | {"message":"Loaded 2 rules from 1 loaders (0 failed)","totalRules":2,"successfulLoaders":1,"failedLoaders":0}
2026-05-25T07:58:23.698Z [auto-1779695903698-p74myv] [rule-enforcer] async-rules-loaded - SUCCESS | {"message":"Loaded 2 async rules (0 duplicates skipped) from 1 loaders","ruleCount":2,"skippedCount":0,"successfulLoaders":1,"failedLoaders":0}
2026-05-25T07:58:23.698Z [auto-1779695903698-4q7r07] [loader-orchestrator] loader-not-available - INFO | {"message":"Loader agents-md-validation not available, skipping","loader":"agents-md-validation"}
2026-05-25T07:58:23.698Z [auto-1779695903698-h0lpyf] [loader-orchestrator] load-complete - SUCCESS | {"message":"Loaded 2 rules from 1 loaders (0 failed)","totalRules":2,"successfulLoaders":1,"failedLoaders":0}
2026-05-25T07:58:23.698Z [auto-1779695903698-fivbx5] [rule-enforcer] async-rule-skipped-duplicate - INFO | {"message":"Skipping duplicate rule: processor-validation"}
2026-05-25T07:58:23.698Z [auto-1779695903698-deykug] [rule-enforcer] async-rule-skipped-duplicate - INFO | {"message":"Skipping duplicate rule: processor-health"}
2026-05-25T07:58:23.698Z [auto-1779695903698-wnwx9e] [rule-enforcer] async-rules-loaded - SUCCESS | {"message":"Loaded 0 async rules (2 duplicates skipped) from 1 loaders","ruleCount":0,"skippedCount":2,"successfulLoaders":1,"failedLoaders":0}
2026-05-25T07:58:23.698Z [auto-1779695903698-8swchi] [rule-executor] execute-start - INFO | {"operation":"edit","ruleCount":21,"rules":["context-analysis-integration","memory-optimization","dependency-management","input-validation","error-resolution","loop-safety","single-responsibility","test-coverage","security-by-design","continuous-integration","deployment-safety","test-failure-reporting","performance-regression-reporting","security-vulnerability-reporting","multi-agent-ensemble","substrate-externalization","framework-self-validation","emergent-improvement","module-system-consistency","processor-validation","processor-health"]}
2026-05-25T07:58:23.698Z [auto-1779695903698-v2dzzf] [rule-executor] execute-complete - SUCCESS | {"operation":"edit","passed":true,"errorCount":0,"warningCount":3}
